ord,n,pila,patmat,id,birth,gen,postulo,part,edo,dsmd,dsup,cabecera,yrin1,moin1,dyin1,yrout1,moout1,dyout1,yrin2,moin2,dyin2,yrout2,moout2,dyout2,yrin3,moin3,dyin3,nota,fuente
1,1,JOSE ANTONIO,ARAMBULA LOPEZ,ags01p,1968,M,,pan,ags,1,0,,2009,8,29,,,,,,,,,,,,,,
2,501,MARICELA,MACIAS GONZALEZ,ags01s,,F,,pan,ags,1,1,,,,,,,,,,,,,,,,,,
3,2,DAVID,HERNANDEZ VALLIN,ags02p,1967,M,,pri,ags,1,0,,2009,8,29,,,,,,,,,,,,,,
4,502,GUADALUPE,VERDUGO SARABIA,ags02s,,F,,pri,ags,1,1,,,,,,,,,,,,,,,,,,
5,3,RAUL GERARDO,CUADRA GARCIA,ags03p,,,,pan,ags,1,0,,2009,8,29,2010,2,2,2010,4,1,,,,,,,yrout Daniel Salgado,
6,503,MARIA MATILDE MARICEL,DIAZ DE LEON MACIAS,ags03s,,,,pan,ags,1,1,,2010,3,4,2010,3,31,,,,,,,,,,,
7,4,SERGIO,TOLENTO HERNANDEZ,bc01p,,,,pan,bc,1,0,,2009,8,29,,,,,,,,,,,,,,
8,504,AMINTHA GUADALUPE,BRICEÑO CINCO,bc01s,,,,pan,bc,1,1,,,,,,,,,,,,,,,,,,
9,5,FRANCISCO JAVIER,ORDUÑO VALDEZ,bc02p,,,,pan,bc,1,0,,2009,8,29,,,,,,,,,,,,,,
10,505,MONICA,CANO VALADEZ,bc02s,,,,pan,bc,1,1,,,,,,,,,,,,,,,,,,
11,6,CESAR,MANCILLAS AMADOR,bc03p,,,,pan,bc,1,0,,2009,8,29,,,,,,,,,,,,,,
12,506,ALFREDO,MARIN DURAN,bc03s,,,,pan,bc,1,1,,,,,,,,,,,,,,,,,,
13,7,JESUS GERARDO,CORTEZ MENDOZA,bc04p,,,,pan,bc,1,0,,2009,8,29,,,,,,,,,,,,,,
14,507,JESUS MIGUEL,FLORES ALVAREZ,bc04s,,,,pan,bc,1,1,,,,,,,,,,,,,,,,,,
15,8,GASTON,LUKEN GARZA,bc05p,1959,M,,pan,bc,1,0,,2009,8,29,,,,,,,,,,,,,,
16,508,CECILIA,BARONE BARRON,bc05s,,,,pan,bc,1,1,,,,,,,,,,,,,,,,,,
17,9,MIGUEL ANTONIO,OSUNA MILLAN,bc06p,,,,pan,bc,1,0,,2009,8,29,,,,,,,,,,,,,,
18,509,GUILLERMO ANTONIO,OSUNA OSUNA,bc06s,,,,pan,bc,1,1,,,,,,,,,,,,,,,,,,
19,10,JOSE LUIS,OVANDO PATRON,bc07p,,,,pan,bc,1,0,,2009,8,29,,,,,,,,,,,,,,
20,510,HECTOR ARMANDO,CARREÑO CASTRO,bc07s,,,,pan,bc,1,1,,,,,,,,,,,,,,,,,,
21,11,OSCAR MARTIN,ARCE PANIAGUA,bc08p,,,,pan,bc,1,0,,2009,8,29,,,,,,,,,,,,,,
22,511,BELEN ANGELICA,CONTRERAS SANCHEZ,bc08s,,,,pan,bc,1,1,,,,,,,,,,,,,,,,,,
23,12,MARCOS ALBERTO,COVARRUBIAS VILLASEÑOR,bcs01p,,,,prd,bcs,1,0,,2009,8,29,2010,7,21,,,,,,,,,,,
24,512,SILVIA,PUPPO GASTELUM,bcs01s,,,,prd,bcs,1,1,,2010,8,31,,,,,,,,,,,,,,
25,13,VICTOR MANUEL,CASTRO COSIO,bcs02p,,,,prd,bcs,1,0,,2009,8,29,,,,,,,,,,,,,,
26,513,EDILBERTO,GRACIANO CHAVEZ,bcs02s,,,,prd,bcs,1,1,,,,,,,,,,,,,,,,,,
27,14,CARLOS OZNEROL,PACHECO CASTRO,cam01p,,,,pri,cam,1,0,,2009,8,29,,,,,,,,,,,,,,
28,514,JAQUELINE,CUEVAS SONIA,cam01s,,,,pri,cam,1,1,,,,,,,,,,,,,,,,,,
29,15,OSCAR ROMAN,ROSAS GONZALEZ,cam02p,,,,pri,cam,1,0,,2009,8,29,2012,1,20,,,,,,,,,,yrout Daniel Salgado,
30,515,MARGARITA BEATRIZ DE LA CANDELARIA,CURMINA CERVERA,cam02s,,,,pri,cam,1,1,,,,,,,,,,,,,,,,,,
31,16,FRANCISCO,SARACHO NAVARRO,coa01p,,,,pri,coa,1,0,,2009,8,29,,,,,,,,,,,,,,
32,516,SONIA,VILLARREAL PEREZ,coa01s,,,,pri,coa,1,1,,,,,,,,,,,,,,,,,,
33,17,HUGO HECTOR,MARTINEZ GONZALEZ,coa02p,,,,pri,coa,1,0,,2009,8,29,,,,,,,,,,,,,,
34,517,ANA ISABEL,DURAN PIÑA,coa02s,,,,pri,coa,1,1,,,,,,,,,,,,,,,,,,
35,18,LA FUENTE MELCHOR,SANCHEZ DE,coa03p,,,,pri,coa,1,0,,2009,8,29,2012,2,7,,,,,,,,,,yrout Daniel Salgado,
36,518,LILIA ISABEL,GUTIERREZ BURCIAGA,coa03s,,,,pri,coa,1,1,,,,,,,,,,,,,,,,,,
37,19,RUBEN IGNACIO,MOREIRA VALDEZ,coa04p,,,,pri,coa,1,0,,2009,8,29,2010,12,2,,,,,,,,,,yrout Daniel Salgado,
38,519,DIANA PATRICIA,GONZALEZ SOTO,coa04s,,,,pri,coa,1,1,,2010,12,7,,,,,,,,,,,,,,
39,20,MIGUEL ANGEL,RIQUELME SOLIS,coa05p,,,,pri,coa,1,0,,2009,8,29,2011,2,10,,,,,,,,,,yrout Daniel Salgado,
40,520,JOSEFINA,RODARTE AYALA,coa05s,,,,pri,coa,1,1,,2011,2,15,,,,,,,,,,,,,,
41,21,HECTOR,FERNANDEZ AGUIRRE,coa06p,,,,pri,coa,1,0,,2009,8,29,,,,,,,,,,,,,,
42,521,ILSE PALOMA,MATA VEGA,coa06s,,,,pri,coa,1,1,,,,,,,,,,,,,,,,,,
43,22,HECTOR,FRANCO LOPEZ,coa07p,,,,pri,coa,1,0,,2009,8,29,2011,11,22,,,,,,,,,,yrout Daniel Salgado,
44,522,LILY FABIOLA,DE LA ROSA CORTES,coa07s,,,,pri,coa,1,1,,2011,11,23,,,,,,,,,,,,,,
45,23,LEONCIO ALFONSO,MORAN SANCHEZ,col01p,,,,pan,col,1,0,,2009,8,29,,,,,,,,,,,,,,
46,523,OMAR,SUAREZ ZAIZAR,col01s,,,,pan,col,1,1,,,,,,,,,,,,,,,,,,
47,24,CARLOS,CRUZ MENDOZA,col02p,,,,pri,col,1,0,,2009,8,29,,,,,,,,,,,,,,
48,524,PATRICIA,CARLOS PEREZ,col02s,,,,pri,col,1,1,,,,,,,,,,,,,,,,,,
49,25,JUAN CARLOS,LOPEZ FERNANDEZ,cps01p,,,,prd,cps,1,0,,2009,8,29,2012,3,7,2012,3,27,,,,,,,yrout Daniel Salgado,
50,525,JORGE LUIS,LARA AGUILAR,cps01s,,,,prd,cps,1,1,,2012,3,8,2012,3,26,,,,,,,,,,,
51,26,HERNAN DE JESUS,ORANTES LOPEZ,cps02p,,,,pri,cps,1,0,,2009,8,29,,,,,,,,,,,,,,
52,526,ARMANDO,RUIZ GOMEZ,cps02s,,,,pri,cps,1,1,,,,,,,,,,,,,,,,,,
53,27,LUIS,HERNANDEZ CRUZ,cps03p,,,,prd,cps,1,0,,2009,8,29,,,,,,,,,,,,,,
54,527,ARTURO,JIMENEZ JIMENEZ,cps03s,,,,prd,cps,1,1,,,,,,,,,,,,,,,,,,
55,28,OVIDIO,CORTAZAR RAMOS,cps04p,,,,pan,cps,1,0,,2009,8,29,,,,,,,,,,,,,,
56,528,LESVIA,HERNANDEZ ESTRADA,cps04s,,,,pan,cps,1,1,,,,,,,,,,,,,,,,,,
57,29,SERGIO,LOBATO GARCIA,cps05p,,,,pri,cps,1,0,,2009,8,29,,,,,,,,,,,,,,
58,529,MANUEL,SANTIZ RUIZ,cps05s,,,,pri,cps,1,1,,,,,,,,,,,,,,,,,,
59,30,MIRNA LUCRECIA,CAMACHO PEDRERO,cps06p,,,,pan,cps,1,0,,2009,8,29,2012,3,29,2012,4,30,,,,,,,yrout Daniel Salgado,
60,530,RODRIGO TRINIDAD,ROSALES FRANCO,cps06s,,,,pan,cps,1,1,,,,,,,,,,,,,,,,,,
61,31,JOSE MANUEL,MARROQUIN TOLEDO,cps07p,,,,pan,cps,1,0,,2009,8,29,,,,,,,,,,,,,,
62,531,JOSE FRANCISCO,HERNANDEZ GORDILLO,cps07s,,,,pan,cps,1,1,,,,,,,,,,,,,,,,,,
63,32,ROBERTO ARMANDO,ALBORES GLEASON,cps08p,,,,pri,cps,1,0,,2009,8,29,2011,8,3,,,,2012,1,20,,,,yrout Daniel Salgado,
64,532,MOISES,NARVAEZ OCHOA,cps08s,,,,pri,cps,1,1,,,,,,,,,,,,,,,,,,
65,33,ARIEL,GOMEZ LEON,cps09p,,,,prd,cps,1,0,,2009,8,29,,,,,,,,,,,,,,
66,533,BERSAIN,MIRANDA BORRAZ,cps09s,,,,prd,cps,1,1,,,,,,,,,,,,,,,,,,
67,34,SERGIO ERNESTO,GUTIERREZ VILLANUEVA,cps10p,,,,prd,cps,1,0,,2009,8,29,,,,,,,,,,,,,,
68,534,FLOR DEL ROSARIO,CRUZ MAGDALENO,cps10s,,,,prd,cps,1,1,,,,,,,,,,,,,,,,,,
69,35,CARLOS,MARTINEZ MARTINEZ,cps11p,,,,pan,cps,1,0,,2009,8,29,,,,,,,,,,,,,,
70,535,JOSE FOAD,TANUS PIÑASORIA,cps11s,,,,pan,cps,1,1,,,,,,,,,,,,,,,,,,
71,36,SAMI,DAVID DAVID,cps12p,,,,pri,cps,1,0,,2009,8,29,,,,,,,,,,,,,,
72,536,ALEJANDRA CRUZ,TOLEDO ZEBADUA,cps12s,,,,pri,cps,1,1,,,,,,,,,,,,,,,,,,
73,37,JAIME,FLORES CASTAÑEDA,cua01p,,,,pri,cua,1,0,,2009,8,29,,,,,,,,,,,,,,
74,537,MARITZA OLIVIA,SAENZ CALDERON,cua01s,,,,pri,cua,1,1,,,,,,,,,,,,,,,,,,
75,38,HECTOR AGUSTIN,MURGUIA LARDIZABAL,cua02p,,,,pri,cua,1,0,,2009,8,29,2009,12,15,2010,1,13,2010,3,11,,,,yrout Daniel Salgado,
76,538,ANA GEORGINA,ZAPATA LUCERO,cua02s,,,,pri,cua,1,1,,2010,3,16,,,,,,,,,,,,,,
77,39,MARIA ANTONIETA,PEREZ REYES,cua03p,,,,pan,cua,1,0,,2009,8,29,,,,,,,,,,,,,,
78,539,ERNESTO ALONSO,MORAN GARCIA,cua03s,,,,pan,cua,1,1,,,,,,,,,,,,,,,,,,
79,40,ADRIANA,TERRAZAS PORRAS,cua04p,,,,pri,cua,1,0,,2009,8,29,,,,,,,,,,,,,,
80,540,CESAR,TAPIA CERVANTES,cua04s,,,,pri,cua,1,1,,,,,,,,,,,,,,,,,,
81,41,MANUEL GUILLERMO,MARQUEZ LIZALDE,cua05p,,,,pri,cua,1,0,,2009,8,29,,,,,,,,,,,,,,
82,541,JESUS JOSE,SAENZ GABALDON,cua05s,,,,pri,cua,1,1,,,,,,,,,,,,,,,,,,
83,42,MAURILIO,OCHOA MILLAN,cua06p,,,,pri,cua,1,0,,2009,8,29,,,,,,,,,,,,,,
84,542,LIZ,AGUILERA GARCIA,cua06s,,,,pri,cua,1,1,,,,,,,,,,,,,,,,,,
85,43,GUADALUPE,PEREZ DOMINGUEZ,cua07p,,,,pri,cua,1,0,,2009,8,29,,,,,,,,,,,,,,
86,543,ALEX,LE BARON GONZALEZ,cua07s,,,,pri,cua,1,1,,,,,,,,,,,,,,,,,,
87,44,ALEJANDRO,CANO RICAUD,cua08p,,,,pri,cua,1,0,,2009,8,29,,,,,,,,,,,,,,
88,544,MARIA ADELA,SOTO MARTINEZ,cua08s,,,,pri,cua,1,1,,,,,,,,,,,,,,,,,,
89,45,LUIS CARLOS,CAMPOS VILLEGAS,cua09p,,,,pri,cua,1,0,,2009,8,29,,,,,,,,,,,,,,
90,545,DAVID,BALDERRAMA QUINTANA,cua09s,,,,pri,cua,1,1,,,,,,,,,,,,,,,,,,
91,46,RAMON,JIMENEZ LOPEZ,df01p,,,,prd,df,1,0,,2009,8,29,,,,,,,,,,,,,,
92,546,ELEAZAR,RUBIO ALDARAN,df01s,,,,prd,df,1,1,,,,,,,,,,,,,,,,,,
93,47,ROSI,OROZCO,df02p,,,,pan,df,1,0,,2009,8,29,,,,,,,,,,,,,,
94,547,VICTOR MANUEL,QUIROZ ROCHA,df02s,,,,pan,df,1,1,,,,,,,,,,,,,,,,,,
95,48,BALFRE,VARGAS CORTEZ,df03p,,,,prd,df,1,0,,2009,8,29,,,,,,,,,,,,,Mesa dir 1,
96,548,ERNESTO,BARBA MENDEZ,df03s,,,,prd,df,1,1,,,,,,,,,,,,,,,,,,
97,49,JAIME FERNANDO,CARDENAS GRACIA,df04p,,,,pt,df,1,0,,2009,8,29,,,,,,,,,,,,,,
98,549,MARTIN,ALONSO SALGADO,df04s,,,,pt,df,1,1,,,,,,,,,,,,,,,,,,
99,50,CESAR DANIEL,GONZALEZ MADRUGA,df05p,,,,pan,df,1,0,,2009,8,29,,,,,,,,,,,,,,
100,550,MARTINEZ ERIKA IVONNE,DE ANDA,df05s,,,,pan,df,1,1,,,,,,,,,,,,,,,,,,
101,51,ROBERTO,REBOLLO VIVERO,df06p,,,,pri,df,1,0,,2009,8,29,2012,3,22,2012,4,10,,,,,,,yrout Daniel Salgado,
102,551,MIGUEL ANGEL,OLVERA OLGUIN,df06s,,,,pri,df,1,1,,,,,,,,,,,,,,,,,,
103,52,NAZARIO,NORBERTO SANCHEZ,df07p,,,,prd,df,1,0,,2009,8,29,,,,,,,,,,,,,,
104,552,ABRAHAM,BORDEN CAMACHO,df07s,,,,prd,df,1,1,,,,,,,,,,,,,,,,,,
105,53,VIDAL,LLERENAS MORALES,df08p,,,,prd,df,1,0,,2009,8,29,,,,,,,,,,,,,,
106,553,PABLO,QUEZADA AMBRIZ,df08s,,,,prd,df,1,1,,,,,,,,,,,,,,,,,,
107,54,ESTHELA,DAMIAN PERALTA,df09p,,,,prd,df,1,0,,2009,8,29,,,,,,,,,,,,,,
108,554,DENISE LIZBETH,NAVA REYES,df09s,,,,prd,df,1,1,,,,,,,,,,,,,,,,,,
109,55,GABRIELA,CUEVAS BARRON,df10p,,,,pan,df,1,0,,2009,8,29,,,,,,,,,,,,,,
110,555,JORGE,REAL SANCHEZ,df10s,,,,pan,df,1,1,,,,,,,,,,,,,,,,,,
111,56,LAURA,PIÑA OLMEDO,df11p,,,,conve,df,1,0,,2009,8,29,,,,,,,,,,,,,,
112,556,SARA,VEGA CARRILLO,df11s,,,,conve,df,1,1,,,,,,,,,,,,,,,,,,
113,57,AGUSTIN,GUERRERO CASTILLO,df12p,,,,prd,df,1,0,,2009,8,29,,,,,,,,,,,,,,
114,557,AGUSTIN,GONZALEZ CAZARES,df12s,,,,prd,df,1,1,,,,,,,,,,,,,,,,,,
115,58,EMILIO,SERRANO JIMENEZ,df13p,,,,prd,df,1,0,,2009,8,29,,,,,,,,,,,,,,
116,558,ANGELICA ADRIANA,DIAZ BUSTAMANTE,df13s,,,,prd,df,1,1,,,,,,,,,,,,,,,,,,
117,59,HECTOR HUGO,HERNANDEZ RODRIGUEZ,df14p,,,,prd,df,1,0,,2009,8,29,,,,,,,,,,,,,,
118,559,ANGEL,PASALAGUA OLIVAR,df14s,,,,prd,df,1,1,,,,,,,,,,,,,,,,,,
119,60,JOSE CESAR,NAVA VAZQUEZ,df15p,,,,pan,df,1,0,,2009,8,29,,,,,,,,,,,,,,
120,560,MARIA SUAD,TUACHI HURTADO,df15s,,,,pan,df,1,1,,,,,,,,,,,,,,,,,,
121,61,LETICIA,ROBLES COLIN,df16p,,,,pri,df,1,0,,2009,8,29,,,,,,,,,,,,,,
122,561,FRANCISCA,GARCIA CORTES,df16s,,,,pri,df,1,1,,,,,,,,,,,,,,,,,,
123,62,MARIA ARACELI,VAZQUEZ CAMACHO,df17p,,,,prd,df,1,0,,2009,8,29,,,,,,,,,,,,,,
124,562,GABRIELA,RAMIREZ ORTIZ,df17s,,,,prd,df,1,1,,,,,,,,,,,,,,,,,,
125,63,EDUARDO,MENDOZA ARELLANO,df18p,,,,prd,df,1,0,,2009,8,29,,,,,,,,,,,,,,
126,563,ROSARIO,MUÑOZ MEZA,df18s,,,,prd,df,1,1,,,,,,,,,,,,,,,,,,
127,64,JOSE GERARDO RODOLFO,FERNANDEZ NOROÑA,df19p,,,,pt,df,1,0,,2009,8,29,,,,,,,,,,,,,Mesa dir 1,
128,564,MARIA ALMA,VELAZQUEZ RIVERA,df19s,,,,pt,df,1,1,,,,,,,,,,,,,,,,,,
129,65,ARMENTA MARIO ALBERTO,DI COSTANZO,df20p,,,,pt,df,1,0,,2009,8,29,,,,,,,,,,,,,,
130,565,LILIA DEL CARMEN,MORA ESTRELLA,df20s,,,,pt,df,1,1,,,,,,,,,,,,,,,,,,
131,66,AVELINO,MENDEZ RANGEL,df21p,,,,prd,df,1,0,,2009,8,29,,,,,,,,,,,,,,
132,566,JOSE LUIS,SABAS RUFINO,df21s,,,,prd,df,1,1,,,,,,,,,,,,,,,,,,
133,67,ARTURO,SANTANA ALFARO,df22p,,,,prd,df,1,0,,2009,8,29,,,,,,,,,,,,,,
134,567,MARIA DEL CARMEN,OLVERA PALACIOS,df22s,,,,prd,df,1,1,,,,,,,,,,,,,,,,,,
135,68,MAURICIO ALONSO,TOLEDO GUTIERREZ,df23p,,,,prd,df,1,0,,2009,8,29,2012,4,10,,,,,,,,,,yrout Daniel Salgado,
136,568,JOSE ANTONIO,GONZALEZ MATA,df23s,,,,prd,df,1,1,,,,,,,,,,,,,,,,,,
137,69,EZEQUIEL,RETIZ GUTIERREZ,df24p,,,,pan,df,1,0,,2009,8,29,2012,3,8,2012,4,11,,,,,,,yrout Daniel Salgado,
138,569,SANCHEZ ALIN NAYELY,DE JESUS,df24s,,,,pan,df,1,1,,2012,3,13,,,,,,,,,,,,,,
139,70,LUIS FELIPE,EGUIA PEREZ,df25p,,,,prd,df,1,0,,2009,8,29,,,,,,,,,,,,,,
140,570,ADALBERTO,AGUILAR MELENDEZ,df25s,,,,prd,df,1,1,,,,,,,,,,,,,,,,,,
141,71,MARIA DE LA PAZ,QUIÑONES CORNEJO,df26p,,,,pri,df,1,0,,2009,8,29,,,,,,,,,,,,,,
142,571,MIGUEL ANGEL,GUEVARA RODRIGUEZ,df26s,,,,pri,df,1,1,,,,,,,,,,,,,,,,,,
143,72,RIGOBERTO,SALGADO VAZQUEZ,df27p,,,,prd,df,1,0,,2009,8,29,,,,,,,,,,,,,,
144,572,TERESO DE JESUS,NUÑEZ ZUÑIGA,df27s,,,,prd,df,1,1,,,,,,,,,,,,,,,,,,
145,73,JOSE RICARDO,LOPEZ PESCADOR,dgo01p,,,,pri,dgo,1,0,,2009,8,29,,,,,,,,,,,,,,
146,573,MARIA DEL CARMEN,NUÑEZ SOTO,dgo01s,,,,pri,dgo,1,1,,,,,,,,,,,,,,,,,,
147,74,RICARDO ARMANDO,REBOLLO MENDOZA,dgo02p,,,,pri,dgo,1,0,,2009,8,29,,,,,,,,,,,,,,
148,574,ISIDRA ORALIA,GUERRERO ORONA,dgo02s,,,,pri,dgo,1,1,,,,,,,,,,,,,,,,,,
149,75,OSCAR,GARCIA BARRON,dgo03p,,,,pri,dgo,1,0,,2009,8,29,,,,,,,,,,,,,,
150,575,MARIBEL,AGUILERA CHAIREZ,dgo03s,,,,pri,dgo,1,1,,,,,,,,,,,,,,,,,,
151,76,JORGE,HERRERA CALDERA,dgo04p,,,,pri,dgo,1,0,,2009,8,29,2010,2,2,,,,,,,,,,yrout Daniel Salgado,
152,576,PEDRO,AVILA NEVAREZ,dgo04s,,,,pri,dgo,1,1,,2010,2,2,,,,,,,,,,,,,,
153,77,JUAN,HUERTA MONTERO,gua01p,,,,pan,gua,1,0,,2009,8,29,2010,9,3,,,,,,,,,,,
154,577,ARANZAZU,QUINTANA PADILLA,gua01s,,,,pan,gua,1,1,,2010,9,21,,,,,,,,,,,,,,
155,78,JUAN DE JESUS,PASCUALLI GOMEZ,gua02p,,,,pan,gua,1,0,,2009,8,29,2010,4,29,,,,,,,,,,falleció en plena sesión,
156,578,LAURA VIVIANA,AGUNDIZ PEREZ,gua02s,,,,pan,gua,1,1,,2010,8,31,,,,,,,,,,,,,,
157,79,J. GUADALUPE,VERA HERNANDEZ,gua03p,,M,,pan,gua,1,0,,2009,8,29,2012,4,25,,,,,,,,,,yrout Daniel Salgado,
158,579,LUZ MARGARITA,ALBA CONTRERAS,gua03s,,,,pan,gua,1,1,,2012,4,25,,,,,,,,,,,,,,
159,80,RUTH ESPERANZA,LUGO MARTINEZ,gua04p,,,,pan,gua,1,0,,2009,8,29,,,,,,,,,,,,,,
160,580,FRANCISCO JOSE DE GUADALUPE,CARRILLO PEREZ,gua04s,,,,pan,gua,1,1,,,,,,,,,,,,,,,,,,
161,81,LUCILA DEL CARMEN,GALLEGOS CAMARENA,gua05p,,,,pan,gua,1,0,,2009,8,29,,,,,,,,,,,,,,
162,581,EZEQUIEL,PEREZ MENDOZA,gua05s,,,,pan,gua,1,1,,,,,,,,,,,,,,,,,,
163,82,JAIME,OLIVA RAMIREZ,gua06p,,,,pan,gua,1,0,,2009,8,29,,,,,,,,,,,,,,
164,582,JANET MELANIE,MURILLO CHAVEZ,gua06s,,,,pan,gua,1,1,,,,,,,,,,,,,,,,,,
165,83,CECILIA SOLEDAD,AREVALO SOSA,gua07p,,,,pan,gua,1,0,,2009,8,29,,,,,,,,,,,,,,
166,583,JUAN MANUEL,RAMIREZ ARZOLA,gua07s,,,,pan,gua,1,1,,,,,,,,,,,,,,,,,,
167,84,TOMAS,GUTIERREZ RAMIREZ,gua08p,,,,pan,gua,1,0,,2009,8,29,,,,,,,,,,,,,,
168,584,VIRGINIA,DAMIANI GARCIA,gua08s,,,,pan,gua,1,1,,,,,,,,,,,,,,,,,,
169,85,SIXTO ALFONSO,ZETINA SOTO,gua09p,,,,pan,gua,1,0,,2009,8,29,2012,4,24,,,,,,,,,,yrout Daniel Salgado,
170,585,JOSE LUIS,VILLEGAS MENDEZ,gua09s,,,,pan,gua,1,1,,2012,4,25,,,,,,,,,,,,,,
171,86,NORMA LETICIA,OROZCO TORRES,gua10p,,,,pvem,gua,1,0,,2009,8,29,,,,,,,,,,,,,,
172,586,MIGUEL,GONZALEZ MARTINEZ,gua10s,,,,pvem,gua,1,1,,,,,,,,,,,,,,,,,,
173,87,JOSE ERANDI,BERMUDEZ MENDEZ,gua11p,,,,pan,gua,1,0,,2009,8,29,2012,4,28,,,,,,,,,,yrout Daniel Salgado,
174,587,MARIA ELENA,ZAMORA RUIZ,gua11s,,,,pan,gua,1,1,,2012,4,24,,,,,,,,,,,,,,
175,88,MARTIN,RICO JIMENEZ,gua12p,,,,pan,gua,1,0,,2009,8,29,,,,,,,,,,,,,,
176,588,MARCELA,MIYAR ESTRADA,gua12s,,,,pan,gua,1,1,,,,,,,,,,,,,,,,,,
177,89,RUBEN,ARELLANO RODRIGUEZ,gua13p,,,,pan,gua,1,0,,2009,8,29,,,,,,,,,,,,,,
178,589,ALMA ROSA,BAEZA VALLEJO,gua13s,,,,pan,gua,1,1,,,,,,,,,,,,,,,,,,
179,90,RAMON,MERINO LOO,gua14p,,,,pan,gua,1,0,,2009,8,29,,,,,,,,,,,,,,
180,590,MA. LUZ,ARZATE CARDENAS,gua14s,,,,pan,gua,1,1,,,,,,,,,,,,,,,,,,
181,91,CUAUHTEMOC,SALGADO ROMERO,gue01p,,,,pri,gue,1,0,,2009,8,29,,,,,,,,,,,,,,
182,591,JOSE CONCEPCION,HERNANDEZ SOLANO,gue01s,,,,pri,gue,1,1,,,,,,,,,,,,,,,,,,
183,92,ESTEBAN,ALBARRAN MENDOZA,gue02p,,,,pri,gue,1,0,,2009,8,29,2012,3,22,,,,,,,,,,yrout Daniel Salgado,
184,592,OMAR JALIL,FLORES MAJUL,gue02s,,,,pri,gue,1,1,,2012,4,17,,,,,,,,,,,,,,
185,93,ARMANDO,RIOS PITER,gue03p,,,,prd,gue,1,0,,2009,8,29,,,,,,,,,,,,,coord from 13/4/11 to 30/3/12,
186,593,ELIA,BLANCO SANCHEZ,gue03s,,,,prd,gue,1,1,,,,,,,,,,,,,,,,,,
187,94,ALEJANDRO,CARABIAS ICAZA,gue04p,,,,pvem,gue,1,0,,2009,8,29,2012,3,15,,,,2012,4,29,,,,,
188,594,JOSE ANTONIO,DE LOS SANTOS HERNANDEZ,gue04s,,,,pvem,gue,1,1,,,,,,,,,,,,,,,,,,
189,95,SOCORRO SOFIO,RAMIREZ HERNANDEZ,gue05p,,,,pri,gue,1,0,,2009,8,29,2011,3,30,2011,12,15,,,,,,,Regresa tras licencia como perredista,
190,595,LA LUZ MOISES,VILLANUEVA DE,gue05s,,,,pri,gue,1,1,,2011,3,31,2011,9,4,,,,,,,,,,"Desaparecido desde 4 sept 2011, confirmado asesinado el 18 sept",
191,96,ALICIA ELIZABETH,ZAMORA VILLALVA,gue06p,,,,pri,gue,1,0,,2009,8,29,2012,4,30,,,,,,,,,,,
192,596,JUAN,BALLESTEROS HINOJOSA,gue06s,,,,pri,gue,1,1,,,,,,,,,,,,,,,,,,
193,97,MARIO,MORENO ARCOS,gue07p,,,,pri,gue,1,0,,2009,8,29,2012,3,22,,,,2012,4,25,,,,,
194,597,MARIA DEL SOCORRO,BENITEZ NAVARRETE,gue07s,,,,pri,gue,1,1,,,,,,,,,,,,,,,,,,
195,98,ANGEL,AGUIRRE HERRERA,gue08p,,,,pri,gue,1,0,,2009,8,29,2012,2,14,,,,,,,,,,Extendió la licencia indefinidamente,
196,598,RODOLFINA,GATICA GARZON,gue08s,,,,pri,gue,1,1,,,,,,,,,,,,,,,,,,
197,99,FERMIN GERARDO,ALVARADO ARROYO,gue09p,,,,pri,gue,1,0,,2009,8,29,2012,3,16,2012,4,10,2012,4,30,,,,,
198,599,OSCAR IGNACIO,RANGEL MIRAVETE,gue09s,,,,pri,gue,1,1,,,,,,,,,,,,,,,,,,
199,100,OMAR,FAYAD MENESES,hgo01p,,,,pri,hgo,1,0,,2009,8,29,2012,1,20,2012,2,16,2012,4,10,2012,4,27,,
200,600,MARTIN ADOLFO,RAMIREZ SOSA,hgo01s,,,,pri,hgo,1,1,,,,,,,,,,,,,,,,,,
201,101,HECTOR,PEDRAZA OLGUIN,hgo02p,,,,pri,hgo,1,0,,2009,8,29,,,,,,,,,,,,,,
202,601,ROCIO MARILI,OLGUIN CUEVAS,hgo02s,,,,pri,hgo,1,1,,,,,,,,,,,,,,,,,,
203,102,DE ALBA JORGE,ROJO GARCIA,hgo03p,,,,pri,hgo,1,0,,2009,8,29,,,,,,,,,,,,,,
204,602,ADELFA,ZUÑIGA FUENTES,hgo03s,,,,pri,hgo,1,1,,,,,,,,,,,,,,,,,,
205,103,DAVID,PENCHYNA GRUB,hgo04p,,,,pri,hgo,1,0,,2009,8,29,2012,1,20,,,,,,,,,,,
206,603,BLANCA LUZ PURIFICACION DALILA,SOTO PLATA,hgo04s,,,,pri,hgo,1,1,,,,,,,,,,,,,,,,,,
207,104,RAMON,RAMIREZ VALTIERRA,hgo05p,,,,pri,hgo,1,0,,2009,8,29,2010,4,29,2010,7,8,2011,3,23,,,,,
208,604,MARCELA,VIEYRA ALAMILLA,hgo05s,,,,pri,hgo,1,1,,2011,4,7,,,,,,,,,,,,,,
209,105,ALMA CAROLINA,VIGGIANO AUSTRIA,hgo06p,,,,pri,hgo,1,0,,2009,8,29,,,,,,,,,,,,,,
210,605,FEDERICO,HERNANDEZ BARROS,hgo06s,,,,pri,hgo,1,1,,,,,,,,,,,,,,,,,,
211,106,JORGE,ROMERO ROMERO,hgo07p,,,,pri,hgo,1,0,,2009,8,29,,,,,,,,,,,,,,
212,606,JULIO CESAR,LICONA OMAÑA,hgo07s,,,,pri,hgo,1,1,,,,,,,,,,,,,,,,,,
213,107,IGNACIO,TELLEZ GONZALEZ,jal01p,,,,pan,jal,1,0,,2009,8,29,,,,,,,,,,,,,,
214,607,RIGOBERTO,JARA PINEDO,jal01s,,,,pan,jal,1,1,,,,,,,,,,,,,,,,,,
215,108,OLIVIA,GUILLEN PADILLA,jal02p,,,,pri,jal,1,0,,2009,8,29,2012,1,25,,,,,,,,,,,
216,608,OSCAR RAUL,FRIAS GONZALEZ,jal02s,,,,pri,jal,1,1,,,,,,,,,,,,,,,,,,
217,109,JOSE LUIS,IÑIGUEZ GAMEZ,jal03p,,,,pan,jal,1,0,,2009,8,29,,,,,,,,,,,,,,
218,609,RODOLFO,NAVARRO ACEVES,jal03s,,,,pan,jal,1,1,,,,,,,,,,,,,,,,,,
219,110,ARTURO,ZAMORA JIMENEZ,jal04p,,,,pri,jal,1,0,,2009,8,29,2012,1,20,,,,,,,,,,,
220,610,MARLENE DE LOS ANGELES,BURGOS RIVERO,jal04s,,,,pri,jal,1,1,,,,,,,,,,,,,,,,,,
221,111,JUAN JOSE,CUEVAS GARCIA,jal05p,,,,pan,jal,1,0,,2009,8,29,,,,,,,,,,,,,,
222,611,MARIBEL,VARGAS LICEA,jal05s,,,,pan,jal,1,1,,,,,,,,,,,,,,,,,,
223,112,BASAVE JORGE HUMBERTO,LOPEZ PORTILLO,jal06p,,,,pri,jal,1,0,,2009,8,29,,,,,,,,,,,,,,
224,612,ESTEBAN ADOLFO,GONZALEZ MORA,jal06s,,,,pri,jal,1,1,,,,,,,,,,,,,,,,,,
225,113,JORGE,ARANA ARANA,jal07p,,,,pri,jal,1,0,,2009,8,29,2012,1,27,,,,,,,,,,,
226,613,SUGEIL,FONSECA GOMEZ,jal07s,,,,pri,jal,1,1,,,,,,,,,,,,,,,,,,
227,114,JOSE TRINIDAD,PADILLA LOPEZ,jal08p,,,,pri,jal,1,0,,2009,8,29,,,,,,,,,,,,,,
228,614,ERNESTO,VILLANUEVA LOMELI,jal08s,,,,pri,jal,1,1,,,,,,,,,,,,,,,,,,
229,115,CLARA,GOMEZ CARO,jal09p,,,,pri,jal,1,0,,2009,8,29,2012,1,25,2012,2,28,,,,,,,,
230,615,EDUARDO,CORONA VARGAS,jal09s,,,,pri,jal,1,1,,,,,,,,,,,,,,,,,,
231,116,FRANCISCO JAVIER,RAMIREZ ACUÑA,jal10p,,,,pan,jal,1,0,,2009,8,29,2012,4,24,,,,,,,,,,"Mesa dir 1, coordinador from 6/9/11 to 24-4-12",
232,616,ARTURO,VILLASEÑOR FERNANDEZ,jal10s,,,,pan,jal,1,1,,2012,4,25,,,,,,,,,,,,,,
233,117,SALVADOR,CARO CABRERA,jal11p,,,,pri,jal,1,0,,2009,8,29,2012,1,23,2012,3,27,,,,,,,cambió al PT 28mar12,
234,617,SALMA,MEZA MANJARREZ,jal11s,,,,pri,jal,1,1,,,,,,,,,,,,,,,,,,
235,118,JOEL,GONZALEZ DIAZ,jal12p,,,,pri,jal,1,0,,2009,8,29,2012,1,26,2012,3,1,,,,,,,,
236,618,GERARDO MIGUEL,LOPEZ VILLASEÑOR,jal12s,,,,pri,jal,1,1,,,,,,,,,,,,,,,,,,
237,119,ANA ESTELA,DURAN RICO,jal13p,,,,pri,jal,1,0,,2009,8,29,2012,1,21,2012,1,25,,,,,,,,
238,619,GERMAN,MAYORQUIN RUIZ,jal13s,,,,pri,jal,1,1,,,,,,,,,,,,,,,,,,
239,120,CESAR OCTAVIO,MADRIGAL DIAZ,jal14p,,,,pan,jal,1,0,,2009,8,29,,,,,,,,,,,,,,
240,620,VIRGINIO,AVILA LORETO,jal14s,,,,pan,jal,1,1,,,,,,,,,,,,,,,,,,
241,121,GUMERCINDO,CASTELLANOS FLORES,jal15p,,,,pan,jal,1,0,,2009,8,29,,,,,,,,,,,,,,
242,621,JUAN FRANCISCO,LEON MARTINEZ,jal15s,,,,pan,jal,1,1,,,,,,,,,,,,,,,,,,
243,122,DAVID,HERNANDEZ PEREZ,jal16p,,,,pri,jal,1,0,,2009,8,29,,,,,,,,,,,,,,
244,622,ABEL,HERNANDEZ GONZALEZ,jal16s,,,,pri,jal,1,1,,,,,,,,,,,,,,,,,,
245,123,FELIPE DE JESUS,RANGEL VARGAS,jal17p,,,,pan,jal,1,0,,2009,8,29,,,,,,,,,,,,,,
246,623,JORGE DAVID,REAL SERRANO,jal17s,,,,pan,jal,1,1,,,,,,,,,,,,,,,,,,
247,124,CARLOS LUIS,MEILLON JOHNSTON,jal18p,,,,pan,jal,1,0,,2009,8,29,,,,,,,,,,,,,,
248,624,IRMA,DE ANDA LICEA,jal18s,,,,pan,jal,1,1,,,,,,,,,,,,,,,,,,
249,125,ALBERTO,ESQUER GUTIERREZ,jal19p,,,,pan,jal,1,0,,2009,8,29,,,,,,,,,,,,,,
250,625,AURELIO,RUBIO MONTAÑO,jal19s,,,,pan,jal,1,1,,,,,,,,,,,,,,,,,,
251,126,HECTOR EDUARDO,VELASCO MONROY,mex01p,,,,pri,mex,1,0,,2009,8,29,,,,,,,,,,,,,,
252,626,AURORA,GONZALEZ LEDEZMA,mex01s,,,,pri,mex,1,1,,,,,,,,,,,,,,,,,,
253,127,RAUL,DOMINGUEZ REX,mex02p,,,,pri,mex,1,0,,2009,8,29,2011,10,4,2011,10,17,,,,,,,,
254,627,JUANITA DE JESUS,SANTILLAN HERNANDEZ,mex02s,,,,pri,mex,1,1,,,,,,,,,,,,,,,,,,
255,128,EMILIO,CHUAYFFET CHEMOR,mex03p,,,,pri,mex,1,0,,2009,8,29,,,,,,,,,,,,,,
256,628,MARISOL DEL SOCORRO,ARIAS FLORES,mex03s,,,,pri,mex,1,1,,,,,,,,,,,,,,,,,,
257,129,ELVIA,HERNANDEZ GARCIA,mex04p,,,,pri,mex,1,0,,2009,8,29,2012,4,29,2012,7,10,,,,,,,,
258,629,CARLOS ALBERTO,MENDIETA VILLAGRAN,mex04s,,,,pri,mex,1,1,,,,,,,,,,,,,,,,,,
259,130,FELIPE,BORJA TEXOCOTITLA,mex05p,,,,pri,mex,1,0,,2009,8,29,2012,4,25,,,,,,,,,,,
260,630,VALLE FLOR ORLANDA,DELGADO DEL,mex05s,,,,pri,mex,1,1,,,,,,,,,,,,,,,,,,
261,131,HECTOR,GUEVARA RAMIREZ,mex06p,,,,pri,mex,1,0,,2009,8,29,,,,,,,,,,,,,,
262,631,MARIA DE LOURDES,SANCHEZ LUNA,mex06s,,,,pri,mex,1,1,,,,,,,,,,,,,,,,,,
263,132,FRANCISCO LAURO,ROJAS SAN ROMAN,mex07p,,,,pri,mex,1,0,,2009,8,29,2012,4,2,2012,4,11,2012,4,30,,,,,
264,632,CLAUDIA IVETH,BELLO REYES,mex07s,,,,pri,mex,1,1,,,,,,,,,,,,,,,,,,
265,133,SANDRA,MENDEZ HERNANDEZ,mex08p,,,,pri,mex,1,0,,2009,8,29,2012,5,1,2012,7,8,,,,,,,,
266,633,EDGAR,DIAZ BAUTISTA,mex08s,,,,pri,mex,1,1,,,,,,,,,,,,,,,,,,
267,134,EDUARDO,ZARZOSA SANCHEZ,mex09p,,,,pri,mex,1,0,,2009,8,29,,,,,,,,,,,,,,
268,634,MARIA DEL PILAR,MERCADO GARCIA,mex09s,,,,pri,mex,1,1,,,,,,,,,,,,,,,,,,
269,135,NOE MARTIN,VAZQUEZ PEREZ,mex10p,,,,pri,mex,1,0,,2009,8,29,,,,,,,,,,,,,,
270,635,REYNA ALICIA,MOBARAK LOPEZ,mex10s,,,,pri,mex,1,1,,,,,,,,,,,,,,,,,,
271,136,JORGE,HERNANDEZ HERNANDEZ,mex11p,,,,pri,mex,1,0,,2009,8,29,,,,,,,,,,,,,,
272,636,MARIA VERONICA,SOLIS GARCIA,mex11s,,,,pri,mex,1,1,,,,,,,,,,,,,,,,,,
273,137,ARMANDO,CORONA RIVERA,mex12p,,,,pri,mex,1,0,,2009,8,29,2012,4,1,2012,4,16,2012,5,1,2012,7,2,,
274,637,CONCEPCION,VARELA ESPINOZA,mex12s,,,,pri,mex,1,1,,,,,,,,,,,,,,,,,,
275,138,JOSE ALFREDO,TORRES HUITRON,mex13p,,,,pri,mex,1,0,,2009,8,29,2012,4,10,2012,4,17,2012,4,30,,,,,
276,638,MARISELA,LOPEZ ESCOBAR,mex13s,,,,pri,mex,1,1,,,,,,,,,,,,,,,,,,
277,139,MORAL FAUSTO SERGIO,SALDAÑA DEL,mex14p,,,,pri,mex,1,0,,2009,8,29,2012,4,2,2012,4,16,2012,4,27,2012,7,2,,
278,639,ALMA BERENICE,HERNANDEZ ESCOBAR,mex14s,,,,pri,mex,1,1,,,,,,,,,,,,,,,,,,
279,140,CARLOS,BELLO OTERO,mex15p,,,,pan,mex,1,0,,2009,8,29,2012,4,24,,,,,,,,,,,
280,640,XOCHITL,MONTES DE OCA RODRIGUEZ,mex15s,,,,pan,mex,1,1,,,,,,,,,,,,,,,,,,
281,141,JOSE LUIS,SOTO OSEGUERA,mex16p,,,,pri,mex,1,0,,2009,8,29,2012,4,10,2012,4,17,2012,4,30,2012,7,2,,
282,641,ESPERANZA,CAMARGO PEREZ,mex16s,,,,pri,mex,1,1,,,,,,,,,,,,,,,,,,
283,142,JOSUE CIRINO,VALDES HUEZO,mex17p,,,,pri,mex,1,0,,2009,8,29,2012,4,2,2012,4,16,2012,5,10,2012,7,2,,
284,642,DOLORES ROSALIA,QUEZADA SAMANIEGO,mex17s,,,,pri,mex,1,1,,,,,,,,,,,,,,,,,,
285,143,JESUS ALFONSO,NAVARRETE PRIDA,mex18p,,,,pri,mex,1,0,,2009,8,29,,,,,,,,,,,,,,
286,643,GUADALUPE GABRIELA,CASTILLA GARCIA,mex18s,,,,pri,mex,1,1,,,,,,,,,,,,,,,,,,
287,144,AMADOR,MONROY ESTRADA,mex19p,,,,pri,mex,1,0,,2009,8,29,2012,4,17,2012,4,19,2012,4,25,,,,,
288,644,ROSA DE LIMA,LOPEZ ESCOBAR,mex19s,,,,pri,mex,1,1,,,,,,,,,,,,,,,,,,
289,145,JESUS RICARDO,ENRIQUEZ FUENTES,mex20p,,,,pri,mex,1,0,,2009,8,29,2012,4,1,2012,4,16,2012,4,30,,,,,
290,645,MARTHA PATRICIA,BERNAL DIAZ,mex20s,,,,pri,mex,1,1,,,,,,,,,,,,,,,,,,
291,146,RODRIGO,REINA LICEAGA,mex21p,,,,pri,mex,1,0,,2009,8,29,,,,,,,,,,,,,,
292,646,CLAUDIA,OYOQUE ORTIZ,mex21s,,,,pri,mex,1,1,,,,,,,,,,,,,,,,,,
293,147,DAVID RICARDO,SANCHEZ GUEVARA,mex22p,,,,pri,mex,1,0,,2009,8,29,2012,4,24,2012,4,24,2012,4,24,,,,,
294,647,MARIA ELVIRA,OLIVAS HERNANDEZ,mex22s,,,,pri,mex,1,1,,2012,4,24,,,,,,,,,,,,,,
295,148,JOSE IGNACIO,PICHARDO LECHUGA,mex23p,,,,pri,mex,1,0,,2009,8,29,2012,4,1,2012,4,17,,,,,,,,
296,648,GISELA,COLIN VAZQUEZ,mex23s,,,,pri,mex,1,1,,,,,,,,,,,,,,,,,,
297,149,SERGIO,MANCILLA ZAYAS,mex24p,,,,pri,mex,1,0,,2009,8,29,2012,4,10,,,,,,,,,,,
298,649,ESTEFANIA,DURAN ORTIZ,mex24s,,,,pri,mex,1,1,,,,,,,,,,,,,,,,,,
299,150,INOCENCIO,IBARRA PIÑA,mex25p,,,,pri,mex,1,0,,2009,8,29,2012,4,10,2012,4,16,2012,4,30,,,,,
300,650,NORMA MARGARITA,VILLALOBOS HERNANDEZ,mex25s,,,,pri,mex,1,1,,,,,,,,,,,,,,,,,,
301,151,HECTOR,HERNANDEZ SILVA,mex26p,,,,pri,mex,1,0,,2009,8,29,2012,4,10,2012,4,16,2012,4,30,,,,,
302,651,ROMINA,RUIZ UGALDE,mex26s,,,,pri,mex,1,1,,,,,,,,,,,,,,,,,,
303,152,MIGUEL ANGEL,TERRON MENDOZA,mex27p,,,,pri,mex,1,0,,2009,8,29,,,,,,,,,,,,,,
304,652,NORMA KARINA,BASTIDA GUADARRAMA,mex27s,,,,pri,mex,1,1,,,,,,,,,,,,,,,,,,
305,153,SERGIO OCTAVIO,GERMAN OLIVARES,mex28p,,,,pan,mex,1,0,,2009,8,29,,,,,,,,,,,,,,
306,653,PEDRO CESAR,PIÑA PEREZ,mex28s,,,,pan,mex,1,1,,,,,,,,,,,,,,,,,,
307,154,HECTOR,PEDROZA JIMENEZ,mex29p,,,,pri,mex,1,0,,2009,8,29,2012,4,1,2012,4,16,2012,4,24,,,,,
308,654,MARIA DE LA CRUZ PATRICIA,FRANCO CRUZ,mex29s,,,,pri,mex,1,1,,2012,4,24,,,,,,,,,,,,,,
309,155,OMAR,RODRIGUEZ CISNEROS,mex30p,,,,pri,mex,1,0,,2009,8,29,2012,4,2,2012,4,16,2012,4,30,,,,,
310,655,MARIA DEL PILAR,BAEZ PADILLA,mex30s,,,,pri,mex,1,1,,,,,,,,,,,,,,,,,,
311,156,GERMAN OSVALDO,CORTEZ SANDOVAL,mex31p,,,,pri,mex,1,0,,2009,8,29,2010,6,9,,,,,,,,,,falleció,
312,656,BLANCA JUANA,SORIA MORALES,mex31s,,,,pri,mex,1,1,,2010,8,31,,,,,,,,,,,,,,
313,157,MIGUEL ANGEL,LUNA MUNGUIA,mex32p,,,,pri,mex,1,0,,2009,8,29,2012,4,10,2012,4,17,2012,4,30,,,,,
314,657,RAQUEL,SANCHEZ AMAYA,mex32s,,,,pri,mex,1,1,,,,,,,,,,,,,,,,,,
315,158,J. EDUARDO,YAÑEZ MONTAÑO,mex33p,,,,pri,mex,1,0,,2009,8,29,,,,,,,,,,,,,,
316,658,LILIA LETICIA,MARTINEZ TENORIO,mex33s,,,,pri,mex,1,1,,,,,,,,,,,,,,,,,,
317,159,JOSE LUIS,VELASCO LINO,mex34p,,,,pri,mex,1,0,,2009,8,29,2012,3,29,,,,2012,5,1,,,,,
318,659,HAZEL,SUAREZ BASTIDA,mex34s,,,,pri,mex,1,1,,,,,,,,,,,,,,,,,,
319,160,FERNANDO,FERREYRA OLIVARES,mex35p,,,,pri,mex,1,0,,2009,8,29,2012,4,10,2012,4,16,2012,4,30,2012,7,5,,
320,660,KARLA,ANAYA GOMEZ,mex35s,,,,pri,mex,1,1,,,,,,,,,,,,,,,,,,
321,161,GUILLERMINA,CASIQUE VENCES,mex36p,,,,pri,mex,1,0,,2009,8,29,2012,4,10,2012,4,17,2012,5,1,2012,7,5,,
322,661,APOLINAR,MONTAÑEZ MARTINEZ,mex36s,,,,pri,mex,1,1,,,,,,,,,,,,,,,,,,
323,162,ISRAEL REYES,LEDESMA MAGAÑA,mex37p,,,,pri,mex,1,1,,2009,9,3,2012,4,1,2012,4,17,2012,4,25,,,,tenía al suplente y propietario alrevesados,
324,662,EMILIA,GUZMAN ROSAS,mex37s,,,,pri,mex,1,0,,2009,8,29,2009,9,3,,,,,,,,,,tenía al suplente y propietario alrevesados,
325,163,MANUEL,CADENA MORALES,mex38p,,,,pri,mex,1,0,,2009,8,29,2012,5,1,,,,,,,,,,,
326,663,PAOLA,BARRERA MAZON,mex38s,,,,pri,mex,1,1,,,,,,,,,,,,,,,,,,
327,164,ANDRES,AGUIRRE ROMERO,mex39p,,,,pri,mex,1,0,,2009,8,29,2012,4,10,2012,4,17,2012,4,30,,,,,
328,664,BENYLU JOANA,GARCIA RODRIGUEZ,mex39s,,,,pri,mex,1,1,,,,,,,,,,,,,,,,,,
329,165,JOSE ADAN IGNACIO,RUBI SALAZAR,mex40p,,,,pri,mex,1,0,,2009,8,29,,,,,,,,,,,,,,
330,665,VERONICA,GARDUÑO ESTRADA,mex40s,,,,pri,mex,1,1,,,,,,,,,,,,,,,,,,
331,166,JULIO CESAR,GODOY TOSCANO,mic01p,,,,prd,mic,1,0,,2010,9,23,2010,12,14,,,,,,,,,,perseguido x pgr,
332,666,ISRAEL,MADRIGAL CEJA,mic01s,,,,prd,mic,1,1,,2010,12,15,,,,,,,,,,,,,,
333,167,JOSE M.,TORRES ROBLEDO,mic02p,,,,prd,mic,1,0,,2009,8,29,,,,,,,,,,,,,,
334,667,RAUL,BARAJAS ONTIVEROS,mic02s,,,,prd,mic,1,1,,,,,,,,,,,,,,,,,,
335,168,MA. DINA,HERRERA SOTO,mic03p,,,,prd,mic,1,0,,2009,8,29,,,,,,,,,,,,,,
336,668,ANGELICA,TOLEDO HERNANDEZ,mic03s,,,,prd,mic,1,1,,,,,,,,,,,,,,,,,,
337,169,RICARDO,SANCHEZ GALVEZ,mic04p,,,,pri,mic,1,0,,2009,8,29,,,,,,,,,,,,,,
338,669,RAUL,GUTIERREZ CUADRA,mic04s,,,,pri,mic,1,1,,,,,,,,,,,,,,,,,,
339,170,SERGIO ARTURO,TORRES SANTOS,mic05p,,,,pan,mic,1,0,,2009,8,29,2011,7,20,2011,8,31,2012,4,17,2012,4,19,,
340,670,JUDITH,ACEVEDO MARTINEZ,mic05s,,,,pan,mic,1,1,,,,,,,,,,,,,,,,,,
341,171,EMILIANO,VELAZQUEZ ESQUIVEL,mic06p,,,,prd,mic,1,0,,2009,8,29,2011,5,25,2011,6,27,,,,,,,,
342,671,ERIC DAVID,PEREZ NIEVES,mic06s,,,,prd,mic,1,1,,,,,,,,,,,,,,,,,,
343,172,MARTIN,GARCIA AVILES,mic07p,,,,prd,mic,1,0,,2009,8,29,,,,,,,,,,,,,,
344,672,JEANETTE GUADALUPE,MARQUEZ CAPIZ,mic07s,,,,prd,mic,1,1,,,,,,,,,,,,,,,,,,
345,173,ALFONSO JESUS,MARTINEZ ALCAZAR,mic08p,,,,pan,mic,1,0,,2009,8,29,2011,8,20,,,,,,,,,,,
346,673,IRIDIA,SALAZAR BLANCO,mic08s,,,,pan,mic,1,1,,2011,9,6,,,,,,,,,,,,,,
347,174,URIEL,LOPEZ PAREDES,mic09p,,,,prd,mic,1,0,,2009,8,29,2012,1,14,,,,,,,,,,,
348,674,CELIA,GARCIA AYALA,mic09s,,,,prd,mic,1,1,,,,,,,,,,,,,,,,,,
349,175,LAURA MARGARITA,SUAREZ GONZALEZ,mic10p,,,,pan,mic,1,0,,2009,8,29,,,,,,,,,,,,,,
350,675,JOSE EUGENIO,VILLALOBOS GUZMAN,mic10s,,,,pan,mic,1,1,,,,,,,,,,,,,,,,,,
351,176,VICTOR MANUEL,BAEZ CEJA,mic11p,,,,prd,mic,1,0,,2009,8,29,2011,3,1,,,,,,,,,,,
352,676,JOSE ALFREDO,GONZALEZ DIAZ,mic11s,,,,prd,mic,1,1,,2011,3,10,,,,,,,,,,,,,,
353,177,JOSE MARIA,VALENCIA BARAJAS,mic12p,,,,prd,mic,1,0,,2009,8,29,,,,,,,,,,,,,,
354,677,ANDRES,MENDOZA ALCARAZ,mic12s,,,,prd,mic,1,1,,,,,,,,,,,,,,,,,,
355,178,FRANCISCO ALEJANDRO,MORENO MERINO,mor01p,,,,pri,mor,1,0,,2009,8,29,2012,1,18,2012,2,15,,,,,,,,
356,678,ELVIA,MAGDALENO GOMEZ,mor01s,,,,pri,mor,1,1,,,,,,,,,,,,,,,,,,
357,179,JOSE MANUEL,AGÜERO TOVAR,mor02p,,,,pri,mor,1,0,,2009,8,29,2012,3,13,,,,,,,,,,,
358,679,EDITH,FLORES RODRIGUEZ,mor02s,,,,pri,mor,1,1,,,,,,,,,,,,,,,,,,
359,180,LUIS FELIX,RODRIGUEZ SOSA,mor03p,,,,pri,mor,1,0,,2009,8,29,2012,3,12,,,,2012,3,28,,,,,
360,680,CHRISTIAN ALEJANDRO,NAVA SANCHEZ,mor03s,,,,pri,mor,1,1,,2012,4,17,,,,,,,,,,,,,,
361,181,ROSALINA,MAZARI ESPIN,mor04p,,,,pri,mor,1,0,,2009,8,29,,,,,,,,,,,,,,
362,681,PEDRO,OLIVARES HERNANDEZ,mor04s,,,,pri,mor,1,1,,,,,,,,,,,,,,,,,,
363,182,JAIME,SANCHEZ VELEZ,mor05p,,,,pri,mor,1,0,,2009,8,29,2010,10,11,2010,11,8,,,,,,,suplente no juró,
364,682,JOSE LUIS,AISPURO FUNES,mor05s,,,,pri,mor,1,1,,,,,,,,,,,,,,,,,no juró,
365,183,MANUEL HUMBERTO,COTA JIMENEZ,nay01p,,,,pri,nay,1,0,,2009,8,29,2012,1,18,,,,,,,,,,,
366,683,FATIMA DEL SOL,GOMEZ MONTERO,nay01s,,,,pri,nay,1,1,,,,,,,,,,,,,,,,,,
367,184,MARTHA ELENA,GARCIA GOMEZ,nay02p,,,,prd,nay,1,0,,2009,8,29,2011,1,8,2011,7,7,,,,,,,,
368,684,MARIA FLORENTINA,OCEGUEDA SILVA,nay02s,,,,prd,nay,1,1,,2011,2,1,2011,7,19,,,,,,,,,,,
369,185,IVIDELIZA,REYES HERNANDEZ,nay03p,,,,pan,nay,1,0,,2009,8,29,,,,,,,,,,,,,,
370,685,PABLO,PIMIENTA MARQUEZ,nay03s,,,,pan,nay,1,1,,,,,,,,,,,,,,,,,,
371,186,VICTOR ALEJANDRO,BALDERAS VAQUERA,nl01p,,,,pan,nl,1,0,,2009,8,29,,,,,,,,,,,,,,
372,686,ZAIRA JESSICA,THEAGENE NAVARRO,nl01s,,,,pan,nl,1,1,,,,,,,,,,,,,,,,,,
373,187,ILDEFONSO,GUAJARDO VILLARREAL,nl02p,,,,pri,nl,1,0,,2009,8,29,,,,,,,,,,,,,,
374,687,FELIX,CORONADO HERNANDEZ,nl02s,,,,pri,nl,1,1,,,,,,,,,,,,,,,,,,
375,188,EDUARDO ALONSO,BAILEY ELIZONDO,nl03p,,,,pri,nl,1,0,,2009,8,29,,,,,,,,,,,,,,
376,688,MARIBEL,VALDEZ OLIVARES,nl03s,,,,pri,nl,1,1,,,,,,,,,,,,,,,,,,
377,189,CAMILO,RAMIREZ PUENTE,nl04p,,,,pan,nl,1,0,,2009,8,29,2012,4,26,,,,,,,,,,,
378,689,ALFREDO SERGIO,CUADRA TINAJERO,nl04s,,,,pan,nl,1,1,,,,,,,,,,,,,,,,,,
379,190,MARCELA,GUERRA CASTILLO,nl05p,,,,pri,nl,1,0,,2009,8,29,2012,1,18,,,,,,,,,,,
380,690,RAFAEL,REYES MONTEMAYOR,nl05s,,,,pri,nl,1,1,,,,,,,,,,,,,,,,,,
381,191,GREGORIO,HURTADO LEIJA,nl06p,,,,pan,nl,1,0,,2009,8,29,,,,,,,,,,,,,,
382,691,KARLA ALEJANDRA,RODRIGUEZ BAUTISTA,nl06s,,,,pan,nl,1,1,,,,,,,,,,,,,,,,,,
383,192,FELIPE,ENRIQUEZ HERNANDEZ,nl07p,,,,pri,nl,1,0,,2009,8,29,2012,2,14,,,,,,,,,,,
384,692,ADOLFO,DE LA GARZA MALACARA,nl07s,,,,pri,nl,1,1,,,,,,,,,,,,,,,,,,
385,193,MARIA DE JESUS,AGUIRRE MALDONADO,nl08p,,,,pri,nl,1,0,,2009,8,29,,,,,,,,,,,,,,
386,693,PATRICIA,AGUIRRE GONZALEZ,nl08s,,,,pri,nl,1,1,,,,,,,,,,,,,,,,,,
387,194,FERMIN,MONTES CAVAZOS,nl09p,,,,pri,nl,1,0,,2009,8,29,,,,,,,,,,,,,,
388,694,MARIA TERESA,TOVAR PUENTE,nl09s,,,,pri,nl,1,1,,,,,,,,,,,,,,,,,,
389,195,ALFREDO JAVIER,RODRIGUEZ DAVILA,nl10p,,,,pan,nl,1,0,,2009,8,29,,,,,,,,,,,,,,
390,695,JOSE ALFREDO,PEREZ BERNAL,nl10s,,,,pan,nl,1,1,,,,,,,,,,,,,,,,,,
391,196,MARIA CRISTINA,DIAZ SALAZAR,nl11p,,,,pri,nl,1,0,,2009,8,29,,,,2011,1,12,,,,,,,,
392,696,GABRIEL TLALOC,CANTU CANTU,nl11s,,,,pri,nl,1,1,,,,,,,,,,,,,,,,,,
393,197,ROGELIO,CERDA PEREZ,nl12p,,,,pri,nl,1,0,,2009,8,29,,,,,,,,,,,,,,
394,697,ALVARO,IBARRA HINOJOSA,nl12s,,,,pri,nl,1,1,,,,,,,,,,,,,,,,,,
395,198,EVIEL,PEREZ MAGAÑA,oax01p,,,,pri,oax,1,0,,2009,8,29,2010,3,1,2010,11,23,2012,1,18,,,,,
396,698,VIOLETA,AVILES ALVAREZ,oax01s,,,,pri,oax,1,1,,2010,3,2,2010,11,22,,,,,,,,,,,
397,199,ELPIDIO DESIDERIO,CONCHA ARELLANO,oax02p,,,,pri,oax,1,0,,2009,8,29,,,,,,,,,,,,,,
398,699,DAVID,LEYVA GARCIA,oax02s,,,,pri,oax,1,1,,,,,,,,,,,,,,,,,,
399,200,JORGE VENUSTIANO,GONZALEZ ILESCAS,oax03p,,,,pri,oax,1,0,,2009,8,29,,,,,,,,,,,,,,
400,700,JAVIER SERGIO,MENDOZA AROCHE,oax03s,,,,pri,oax,1,1,,,,,,,,,,,,,,,,,,
401,201,HERIBERTO,AMBROSIO CIPRIANO,oax04p,,,,pri,oax,1,0,,2009,8,29,,,,,,,,,,,,,,
402,701,EVA,DIEGO CRUZ,oax04s,,,,pri,oax,1,1,,,,,,,,,,,,,,,,,,
403,202,SOFIA,CASTRO RIOS,oax05p,,,,pri,oax,1,0,,2009,8,29,2012,1,20,,,,,,,,,,,
404,702,JORGE ZARIF,ZETUNA CURIOCA,oax05s,,,,pri,oax,1,1,,,,,,,,,,,,,,,,,,
405,203,HELIODORO CARLOS,DIAZ ESCARRAGA,oax06p,,,,pri,oax,1,0,,2009,8,29,,,,,,,,,,,,,,
406,703,ELIZABETH,HERNANDEZ REYES,oax06s,,,,pri,oax,1,1,,,,,,,,,,,,,,,,,,
407,204,EMILIO ANDRES,MENDOZA KAPLAN,oax07p,,,,pri,oax,1,0,,2009,8,29,,,,,,,,,,,,,,
408,704,FRANCISCO JAVIER,GARCIA LOPEZ,oax07s,,,,pri,oax,1,1,,,,,,,,,,,,,,,,,,
409,205,PESQUEIRA MANUEL ESTEBAN,DE ESESARTE,oax08p,,,,pri,oax,1,0,,2009,8,29,,,,,,,,,,,,,,
410,705,PAOLA,ESPAÑA LOPEZ,oax08s,,,,pri,oax,1,1,,,,,,,,,,,,,,,,,,
411,206,TEOFILO MANUEL,GARCIA CORPUS,oax09p,,,,pri,oax,1,0,,2009,8,29,,,,,,,,,,,,,,
412,706,CLAUDIA DEL CARMEN,SILVA FERNANDEZ,oax09s,,,,pri,oax,1,1,,,,,,,,,,,,,,,,,,
413,207,LEYVA HECTOR PABLO,RAMIREZ PUGA,oax10p,,,,pri,oax,1,0,,2009,8,29,,,,,,,,,,,,,,
414,707,JUDITH MARISOL,RAMOS RAMOS,oax10s,,,,pri,oax,1,1,,,,,,,,,,,,,,,,,,
415,208,JOSE ANTONIO,YGLESIAS ARREOLA,oax11p,,,,pri,oax,1,0,,2009,8,29,,,,,,,,,,,,,,
416,708,ZORY MARISTEL,ZIGA MARTINEZ,oax11s,,,,pri,oax,1,1,,,,,,,,,,,,,,,,,,
417,209,ARDELIO,VARGAS FOSADO,pue01p,,,,pri,pue,1,0,,2009,8,29,2011,2,1,,,,,,,,,,,
418,709,RICARDO,URZUA RIVERA,pue01s,,,,pri,pue,1,1,,2011,2,8,,,,,,,,,,,,,,
419,210,JUAN CARLOS,LASTIRI QUIROS,pue02p,,,,pri,pue,1,0,,2009,8,29,2010,1,20,2010,12,2,2012,2,14,,,,,
420,710,MALCO,RAMIREZ MARTINEZ,pue02s,,,,pri,pue,1,1,,2010,2,2,2010,12,1,,,,,,,,,,,
421,211,JORGE ALBERTO,JURAIDINI RUMILLA,pue03p,,,,pri,pue,1,0,,2009,8,29,,,,,,,,,,,,,,
422,711,RAMON DANIEL,MARTAGON LOPEZ,pue03s,,,,pri,pue,1,1,,,,,,,,,,,,,,,,,,
423,212,JOSE OSCAR,AGUILAR GONZALEZ,pue04p,,,,pri,pue,1,0,,2009,8,29,,,,,,,,,,,,,,
424,712,MARIA EUGENIA,CABRERA HUERTA,pue04s,,,,pri,pue,1,1,,,,,,,,,,,,,,,,,,
425,213,JANET GRACIELA,GONZALEZ TOSTADO,pue05p,,,,pri,pue,1,0,,2009,8,29,,,,,,,,,,,,,,
426,713,CARLOS,SANCHEZ ROMERO,pue05s,,,,pri,pue,1,1,,,,,,,,,,,,,,,,,,
427,214,FRANCISCO,RAMOS MONTAÑO,pue06p,,,,pri,pue,1,0,,2009,8,29,,,,,,,,,,,,,,
428,714,ANA LAURA,ROMERO SIERRA,pue06s,,,,pri,pue,1,1,,,,,,,,,,,,,,,,,,
429,215,JOSE ALBERTO,GONZALEZ MORALES,pue07p,,,,pri,pue,1,0,,2009,8,29,,,,,,,,,,,,,,
430,715,MARIA DE LOURDES ROSALINDA,BRETON SANCHEZ,pue07s,,,,pri,pue,1,1,,,,,,,,,,,,,,,,,,
431,216,FERNANDO,MORALES MARTINEZ,pue08p,,,,pri,pue,1,0,,2009,8,29,2012,1,20,2012,2,14,,,,,,,,
432,716,NESTOR,CAMARILLO MEDINA,pue08s,,,,pri,pue,1,1,,,,,,,,,,,,,,,,,,
433,217,BLANCA ESTELA,JIMENEZ HERNANDEZ,pue09p,,,,pri,pue,1,0,,2009,8,29,,,,,,,,,,,,,,
434,717,VICTOR MANUEL,CARRETO PACHECO,pue09s,,,,pri,pue,1,1,,,,,,,,,,,,,,,,,,
435,218,JUAN PABLO,JIMENEZ CONCHA,pue10p,,,,pri,pue,1,0,,2009,8,29,,,,,,,,,,,,,,
436,718,MATILDE,ROLDAN CASTILLO,pue10s,,,,pri,pue,1,1,,,,,,,,,,,,,,,,,,
437,219,JUAN CARLOS,NATALE LOPEZ,pue11p,,,,pvem,pue,1,0,,2009,8,29,,,,,,,,,,,,,,
438,719,MIGUEL SERGIO,ALCANTARA SILVA,pue11s,,,,pvem,pue,1,1,,,,,,,,,,,,,,,,,,
439,220,LEOBARDO,SOTO MARTINEZ,pue12p,,,,pri,pue,1,0,,2009,8,29,,,,,,,,,,,,,,
440,720,MARIA LUISA,CONDE MONTAÑO,pue12s,,,,pri,pue,1,1,,,,,,,,,,,,,,,,,,
441,221,MARIA ISABEL,MERLO TALAVERA,pue13p,,,,pri,pue,1,0,,2009,8,29,,,,,,,,,,,,,,
442,721,MODESTA,DELGADO JUAREZ,pue13s,,,,pri,pue,1,1,,,,,,,,,,,,,,,,,,
443,222,FRANCISCO ALBERTO,JIMENEZ MERINO,pue14p,,,,pri,pue,1,0,,2009,8,29,,,,,,,,,,,,,,
444,722,JAVIER FILIBERTO,GUEVARA GONZALEZ,pue14s,,,,pri,pue,1,1,,,,,,,,,,,,,,,,,,
445,223,MARIA DEL CARMEN,IZAGUIRRE FRANCOS,pue15p,,,,pri,pue,1,0,,2009,8,29,,,,,,,,,,,,,,
446,723,FELIPE DE JESUS DEL SAGRADO CORAZON,SOBERON ESPINOSA,pue15s,,,,pri,pue,1,1,,,,,,,,,,,,,,,,,,
447,224,JULIETA OCTAVIA,MARIN TORRES,pue16p,,,,pri,pue,1,0,,2009,8,29,,,,,,,,,,,,,,
448,724,GONZALO,ABRIL COGQUE,pue16s,,,,pri,pue,1,1,,,,,,,,,,,,,,,,,,
449,225,MIGUEL,MARTINEZ PEÑALOZA,que01p,,,,pan,que,1,0,,2009,8,29,,,,,,,,,,,,,,
450,725,MA. SOLEDAD ,MORADO GARCIA,que01s,,,,pan,que,1,1,,,,,,,,,,,,,,,,,,
451,226,ADRIANA,FUENTES CORTES,que02p,,,,pan,que,1,0,,2009,8,29,,,,,,,,,,,,,,
452,726,MARIO,OCHOA PARRA,que02s,,,,pan,que,1,1,,,,,,,,,,,,,,,,,,
453,227,ALFREDO FRANCISCO,LUGO OÑATE,que03p,,,,pri,que,1,0,,2009,8,29,2012,4,25,,,,,,,,,,,
454,727,MARIA GENOVEVA ANAVEL,GONZALEZ ALVARADO,que03s,,,,pri,que,1,1,,,,,,,,,,,,,,,,,,
455,228,LA TORRE REGINALDO,RIVERA DE,que04p,,,,pri,que,1,0,,2009,8,29,2012,4,11,2012,4,19,,,,,,,,
456,728,DULCE PATRICIA,ROQUE ALMAZO,que04s,,,,pri,que,1,1,,,,,,,,,,,,,,,,,,
457,229,ROBERTO,BORGE ANGULO,qui01p,,,,pri,qui,1,0,,2009,8,29,2010,3,25,,,,,,,,,,,
458,729,SUSANA,HURTADO VALLEJO,qui01s,,,,pri,qui,1,1,,2010,3,25,,,,,,,,,,,,,,
459,230,ROSARIO,ORTIZ YELADAQUI,qui02p,,,,pri,qui,1,0,,2009,8,29,2011,4,5,,,,,,,,,,,
460,730,LUIS,GARCIA SILVA,qui02s,,,,pri,qui,1,1,,2011,4,7,,,,,,,,,,,,,,
461,231,CARLOS MANUEL,JOAQUIN GONZALEZ,qui03p,,,,pri,qui,1,0,,2009,8,29,,,,,,,,,,,,,,
462,731,OLGA,HOP ARZATE,qui03s,,,,pri,qui,1,1,,,,,,,,,,,,,,,,,,
463,232,SONIA,MENDOZA DIAZ,san01p,,,,pan,san,1,0,,2009,8,29,,,,,,,,,,,,,,
464,732,JOSE FIDEL,GARCIA PACHECO,san01s,,,,pan,san,1,1,,,,,,,,,,,,,,,,,,
465,233,WENDY GUADALUPE,RODRIGUEZ GALARZA,san02p,,,,pan,san,1,0,,2009,8,29,2011,12,27,2012,2,21,,,,,,,,
466,733,LUIS MANUEL,CALZADA MACIAS,san02s,,,,pan,san,1,1,,,,,,,,,,,,,,,,,,
467,234,SERGIO,GAMA DUFOUR,san03p,,,,pan,san,1,0,,2009,8,29,2011,12,30,,,,,,,,,,,
468,734,BERTHA YOLANDA,GOVEA DERREZA,san03s,,,,pan,san,1,1,,,,,,,,,,,,,,,,,,
469,235,DELIA,GUERRERO CORONADO,san04p,,,,pri,san,1,0,,2009,8,29,,,,,,,,,,,,,,
470,735,MARIA ELIA,RODRIGUEZ LUCERO,san04s,,,,pri,san,1,1,,,,,,,,,,,,,,,,,,
471,236,CESAR OCTAVIO,PEDROZA GAITAN,san05p,,,,pan,san,1,0,,2009,8,29,,,,,,,,,,,,,,
472,736,ROSA IMELDA,ALONSO SOTELO,san05s,,,,pan,san,1,1,,,,,,,,,,,,,,,,,,
473,237,JUAN PABLO,ESCOBAR MARTINEZ,san06p,,,,pan,san,1,0,,2009,8,29,,,,,,,,,,,,,,
474,737,ALEXANDRA DANIELA,CID GONZALEZ,san06s,,,,pan,san,1,1,,,,,,,,,,,,,,,,,,
475,238,SABINO,BAUTISTA CONCEPCION,san07p,,,,pri,san,1,0,,2009,8,29,,,,,,,,,,,,,,
476,738,ERMENTINA,LARA PEREZ,san07s,,,,pri,san,1,1,,,,,,,,,,,,,,,,,,
477,239,OSCAR,LARA SALAZAR,sin01p,,,,pri,sin,1,0,,2009,8,29,,,,,,,,,,,,,,
478,739,NUBIA XICLALI,RAMOS CARBAJAL,sin01s,,,,pri,sin,1,1,,,,,,,,,,,,,,,,,,
479,240,ROLANDO,ZUBIA RIVERA,sin02p,,,,pri,sin,1,0,,2009,8,29,,,,,,,,,,,,,,
480,740,MARIA DEL SOCORRO,CALDERON GUILLEN,sin02s,,,,pri,sin,1,1,,,,,,,,,,,,,,,,,,
481,241,ROLANDO,BOJORQUEZ GUTIERREZ,sin03p,,,,pri,sin,1,0,,2009,8,29,,,,,,,,,,,,,,
482,741,ROSA DEL CARMEN,CASILLAS ALVARADO,sin03s,,,,pri,sin,1,1,,,,,,,,,,,,,,,,,,
483,242,DIVA HADAMIRA,GASTELUM BAJO,sin04p,,,,pri,sin,1,0,,2009,8,29,,,,,,,,,,,,,,
484,742,ROSENDO ENRIQUE,CAMACHO LUQUE,sin04s,,,,pri,sin,1,1,,,,,,,,,,,,,,,,,,
485,243,AARON,IRIZAR LOPEZ,sin05p,,,,pri,sin,1,0,,2009,8,29,2012,1,20,,,,,,,,,,,
486,743,REYNA ARACELI,TIRADO GALVEZ,sin05s,,,,pri,sin,1,1,,,,,,,,,,,,,,,,,,
487,244,GERMAN,CONTRERAS GARCIA,sin06p,,,,pri,sin,1,0,,2009,8,29,,,,,,,,,,,,,,
488,744,ARACELI,MILLAN VELARDE,sin06s,,,,pri,sin,1,1,,,,,,,,,,,,,,,,,,
489,245,OSCAR JAVIER,LARA ARECHIGA,sin07p,,,,pri,sin,1,0,,2009,8,29,,,,,,,,,,,,,,
490,745,PAOLA,MONCAYO LEYVA,sin07s,,,,pri,sin,1,1,,,,,,,,,,,,,,,,,,
491,246,MIGUEL ANGEL,GARCIA GRANADOS,sin08p,,,,pri,sin,1,0,,2009,8,29,2010,4,6,2010,7,12,,,,,,,,
492,746,MARIBEL,CHOLLET MORAN,sin08s,,,,pri,sin,1,1,,2010,4,29,,,,,,,,,,,,,,
493,247,LEONARDO ARTURO,GUILLEN MEDINA,son01p,,,,pan,son,1,0,,2009,8,29,2012,3,31,,,,,,,,,,,
494,747,CARMEN LIZETH,VALLE VEA,son01s,,,,pan,son,1,1,,,,,,,,,,,,,,,,,,
495,248,MIGUEL ERNESTO,POMPA CORELLA,son02p,,,,pri,son,1,0,,2009,8,29,,,,,,,,,,,,,,
496,748,MONICA,PALACIO GARCIA,son02s,,,,pri,son,1,1,,,,,,,,,,,,,,,,,,
497,249,ERNESTO,DE LUCAS HOPKINS,son03p,,,,pri,son,1,0,,2009,8,29,,,,,,,,,,,,,,
498,749,CECILIA,ENCINAS PARRA,son03s,,,,pri,son,1,1,,,,,,,,,,,,,,,,,,
499,250,JOSE LUIS MARCOS,LEON PEREA,son04p,,,,pri,son,1,0,,2009,8,29,2012,3,7,,,,,,,,,,,
500,750,PATRICIA,CALLES VILLEGAS,son04s,,,,pri,son,1,1,,2012,3,22,2012,3,22,,,,,,,,,,,
501,251,MANUEL IGNACIO,ACOSTA GUTIERREZ,son05p,,,,pri,son,1,0,,2009,8,29,2012,3,7,,,,,,,,,,,
502,751,LUZ MIREYA,FRANCO HERNANDEZ,son05s,,,,pri,son,1,1,,,,,,,,,,,,,,,,,,
503,252,ROGELIO MANUEL,DIAZ BROWN RAMSBURGH,son06p,,,,pri,son,1,0,,2009,8,29,2012,3,8,,,,,,,,,,,
504,752,TERESITA,CARAVEO GALINDO,son06s,,,,pri,son,1,1,,2012,3,15,,,,,,,,,,,,,,
505,253,ONESIMO,MARISCALES DELGADILLO,son07p,,,,pri,son,1,0,,2009,8,29,,,,,,,,,,,,,,
506,753,PATRICIA ELENA,AMARILLAS URIAS,son07s,,,,pri,son,1,1,,,,,,,,,,,,,,,,,,
507,254,JOSE ANTONIO,AYSA BERNAT,tab01p,,,,pri,tab,1,0,,2009,8,29,,,,,,,,,,,,,,
508,754,ANAHI,LASTIRI FALCON,tab01s,,,,pri,tab,1,1,,,,,,,,,,,,,,,,,,
509,255,MARIA ESTELA,DE LA FUENTE DAGDUG,tab02p,,,,pri,tab,1,0,,2009,8,29,2012,1,31,2012,3,22,,,,,,,,
510,755,ELADIO,DE LA CRUZ MALDONADO,tab02s,,,,pri,tab,1,1,,,,,,,,,,,,,,,,,deceso,
511,256,CESAR FRANCISCO,BURELO BURELO,tab03p,,,,prd,tab,1,0,,2009,8,29,,,,,,,,,,,,,,
512,756,AMADOR,SUAREZ RUIZ,tab03s,,,,prd,tab,1,1,,,,,,,,,,,,,,,,,,
513,257,ADAN AUGUSTO,LOPEZ HERNANDEZ,tab04p,,,,prd,tab,1,0,,2009,8,29,2011,10,1,,,,,,,,,,,
514,757,ALEJANDRO,DE LA FUENTE GODINEZ,tab04s,,,,prd,tab,1,1,,2011,10,4,,,,,,,,,,,,,,
515,258,NICOLAS CARLOS,BELLIZIA ABOAF,tab05p,,,,pri,tab,1,0,,2009,8,29,,,,,,,,,,,,,,
516,758,ELSY DEL CARMEN,MAGAÑA MADRIGAL,tab05s,,,,pri,tab,1,1,,,,,,,,,,,,,,,,,,
517,259,JOSE DEL PILAR,CORDOVA HERNANDEZ,tab06p,,,,pri,tab,1,0,,2009,8,29,,,,,,,,,,,,,,
518,759,MIGUEL,CACHON ALVAREZ,tab06s,,,,pri,tab,1,1,,,,,,,,,,,,,,,,,,
519,260,CRISTABELL,ZAMORA CABRERA,tam01p,,,,pri,tam,1,0,,2009,8,29,,,,,,,,,,,,,,
520,760,ADOLFO VICTOR,GARCIA JIMENEZ,tam01s,,,,pri,tam,1,1,,,,,,,,,,,,,,,,,,
521,261,JESUS EVERARDO,VILLARREAL SALINAS,tam02p,,,,pri,tam,1,0,,2009,8,29,2010,2,25,,,,,,,,,,,
522,761,LAURA FELICITAS,GARCIA DAVILA,tam02s,,,,pri,tam,1,1,,2010,2,25,,,,,,,,,,,,,,
523,262,EDGARDO,MELHEM SALINAS,tam03p,,,,pri,tam,1,0,,2009,8,29,,,,,,,,,,,,,,
524,762,LITHA DEL CARMEN,GARZA PEÑA,tam03s,,,,pri,tam,1,1,,,,,,,,,,,,,,,,,,
525,263,BALTAZAR MANUEL,HINOJOSA OCHOA,tam04p,,,,pri,tam,1,0,,2009,8,29,,,,,,,,,,,,,,
526,763,MARTHA ALEJANDRINA,MOLINA PEREZ,tam04s,,,,pri,tam,1,1,,,,,,,,,,,,,,,,,,
527,264,RODOLFO,TORRE CANTU,tam05p,,,,pri,tam,1,0,,2009,8,29,2010,1,27,,,,,,,,,,Torre licencia 23/2/10 para competir gub tam; luegolo asesinaron; Canseco licencia 1/1/11 para asumir Srio Gob Tam; vacante desde entoces (Milenio 5/1/11),
528,764,MORELOS JAIME CARLOS,CANSECO GOMEZ,tam05s,,,,pri,tam,1,1,,2010,2,23,2011,1,1,,,,,,,,,,Torre licencia 23/2/10 para competir gub tam; luegolo asesinaron; Canseco licencia 1/1/11 para asumir Srio Gob Tam; vacante desde entoces (Milenio 5/1/11),
529,265,LUIS ALEJANDRO,GUEVARA COBOS,tam06p,,,,pri,tam,1,0,,2009,8,29,,,,,,,,,,,,,,
530,765,SERGIO CARLOS,GUAJARDO MALDONADO,tam06s,,,,pri,tam,1,1,,,,,,,,,,,,,,,,,,
531,266,JAVIER,GIL ORTIZ,tam07p,,,,pri,tam,1,0,,2009,8,29,,,,,,,,,,,,,,
532,766,ESDRAS,ROMERO VEGA,tam07s,,,,pri,tam,1,1,,,,,,,,,,,,,,,,,,
533,267,JOSE FRANCISCO,RABAGO CASTILLO,tam08p,,,,pri,tam,1,0,,2009,8,29,,,,,,,,,,,,,,
534,767,OLGA PATRICIA,SOSA RUIZ,tam08s,,,,pri,tam,1,1,,,,,,,,,,,,,,,,,,
535,268,ORALIA,LOPEZ HERNANDEZ,tla01p,,,,pan,tla,1,0,,2009,8,29,2009,12,22,2010,3,9,,,,,,,,
536,768,HUMBERTO AGUSTIN,MACIAS ROMERO,tla01s,,,,pan,tla,1,1,,2010,2,2,,,,,,,,,,,,,,
537,269,LLORENTE JULIAN FRANCISCO,VELAZQUEZ Y,tla02p,,,,pan,tla,1,0,,2009,8,29,2009,12,22,2010,3,1,,,,,,,,
538,769,PRUDENCIA FELIX,JUAREZ CAPILLA,tla02s,,,,pan,tla,1,1,,2010,2,2,2010,3,1,,,,,,,,,,,
539,270,MARIA ELENA PERLA,LOPEZ LOYO,tla03p,,,,pri,tla,1,0,,2009,8,29,2010,1,1,2010,4,6,,,,,,,,
540,770,NAZARIO,HERRERA ORTEGA,tla03s,,,,pri,tla,1,1,,2010,2,2,2010,4,5,,,,,,,,,,,
541,271,ANGEL PATRICIO,CHIRINOS DEL,ver01p,,,,pri,ver,1,0,,2009,8,29,,,,,,,,,,,,,,
542,771,NORA IRMA,ESCALANTE ZAPATA,ver01s,,,,pri,ver,1,1,,,,,,,,,,,,,,,,,,
543,272,LA MERCED GENARO,MEJIA DE,ver02p,,,,pri,ver,1,0,,2009,8,29,2012,1,18,,,,,,,,,,,
544,772,NORBERTA ADALMIRA,DIAZ AZUARA,ver02s,,,,pri,ver,1,1,,,,,,,,,,,,,,,,,,
545,273,MIGUEL,MARTIN LOPEZ,ver03p,,,,pan,ver,1,0,,2009,8,29,2012,4,10,,,,,,,,,,,
546,773,JORGE,VERA HERNANDEZ,ver03s,,,,pan,ver,1,1,,,,,,,,,,,,,,,,,,
547,274,SALVADOR,MANZUR DIAZ,ver04p,,,,pri,ver,1,0,,2009,8,29,2010,3,23,,,,,,,,,,,
548,774,ADELA,ROBLES MORALES,ver04s,,,,pri,ver,1,1,,2010,3,23,,,,,,,,,,,,,,
549,275,SERGIO LORENZO,QUIROZ CRUZ,ver05p,,,,pri,ver,1,0,,2009,8,29,,,,,,,,,,,,,,
550,775,LEOBARDO,GOMEZ GONZALEZ,ver05s,,,,pri,ver,1,1,,,,,,,,,,,,,,,,,,
551,276,FRANCISCO,HERRERA JIMENEZ,ver06p,,,,pri,ver,1,0,,2009,8,29,,,,,,,,,,,,,,
552,776,MARIELA,TOVAR LORENZO,ver06s,,,,pri,ver,1,1,,,,,,,,,,,,,,,,,,
553,277,ALBA LEONILA,MENDEZ HERRERA,ver07p,,,,pan,ver,1,0,,2009,8,29,,,,,,,,,,,,,,
554,777,SALVADOR,CARBALLO RENDON,ver07s,,,,pan,ver,1,1,,,,,,,,,,,,,,,,,,
555,278,SILVIO,LAGOS GALINDO,ver08p,,,,pri,ver,1,0,,2009,8,29,,,,,,,,,,,,,,
556,778,ERIKA,AYALA RIOS,ver08s,,,,pri,ver,1,1,,,,,,,,,,,,,,,,,,
557,279,JOSE FRANCISCO,YUNES ZORRILLA,ver09p,,,,pri,ver,1,0,,2009,8,29,2012,1,18,,,,,,,,,,,
558,779,ANIBAL,PERALTA GALICIA,ver09s,,,,pri,ver,1,1,,,,,,,,,,,,,,,,,,
559,280,RICARDO,AHUED BARDAHUIL,ver10p,,,,pri,ver,1,0,,2009,8,29,,,,,,,,,,,,,,
560,780,ROSALBA,ABURTO LOPEZ,ver10s,,,,pri,ver,1,1,,,,,,,,,,,,,,,,,,
561,281,LEANDRO RAFAEL,GARCIA BRINGAS,ver11p,,,,pan,ver,1,0,,2009,8,29,2010,3,2,2010,4,6,,,,,,,suplente no juró,
562,781,JOSE ENCARNACION,URIBE POZOS,ver11s,,,,pan,ver,1,1,,,,,,,,,,,,,,,,,no juró,
563,282,LUZ CAROLINA,GUDIÑO CORRO,ver12p,,,,pri,ver,1,0,,2009,8,29,2010,3,23,,,,,,,,,,,
564,782,NELY EDITH,MIRANDA HERRERA,ver12s,,,,pri,ver,1,1,,2010,3,23,,,,,,,,,,,,,,
565,283,FELIPE AMADEO,FLORES ESPINOSA,ver13p,,,,pri,ver,1,0,,2009,8,29,2011,10,11,,,,,,,,,,,
566,783,FRIDA CELESTE,ROSAS PERALTA,ver13s,,,,pri,ver,1,1,,2011,10,13,,,,,,,,,,,,,,
567,284,LUIS ANTONIO,MARTINEZ ARMENGOL,ver14p,,,,pri,ver,1,0,,2009,8,29,,,,,,,,,,,,,,
568,784,CIRO GONZALO,FELIX PORRAS,ver14s,,,,pri,ver,1,1,,,,,,,,,,,,,,,,,,
569,285,FIDEL,KURI GRAJALES,ver15p,,,,pri,ver,1,0,,2009,8,29,2010,3,24,2010,4,26,,,,,,,,
570,785,ADRIANA REFUGIO,CASTELAN MACIAS,ver15s,,,,pri,ver,1,1,,2010,3,25,2010,4,25,,,,,,,,,,,
571,286,OCHOA JAVIER,DUARTE DE,ver16p,,,,pri,ver,1,0,,2009,8,29,2010,2,16,,,,,,,,,,,
572,786,DANIELA,NADAL RIQUELME,ver16s,,,,pri,ver,1,1,,2010,2,16,,,,,,,,,,,,,,
573,287,JOSE TOMAS,CARRILLO SANCHEZ,ver17p,,,,pri,ver,1,0,,2009,8,29,2010,12,1,,,,,,,,,,,
574,787,JOSE LUIS,ALVAREZ MARTINEZ,ver17s,,,,pri,ver,1,1,,2010,12,7,,,,,,,,,,,,,,
575,288,MARIA ISABEL,PEREZ SANTOS,ver18p,,,,pri,ver,1,0,,2009,8,29,,,,,,,,,,,,,,
576,788,LA ROSA MARIA IRENE,BARRIENTOS DE,ver18s,,,,pri,ver,1,1,,,,,,,,,,,,,,,,,,
577,289,FERNANDO,SANTAMARIA PRIETO,ver19p,,,,pan,ver,1,0,,2009,8,29,,,,,,,,,,,,,,
578,789,MARIA ELENA,TORRES HERNANDEZ,ver19s,,,,pan,ver,1,1,,,,,,,,,,,,,,,,,,
579,290,JUDITH FABIOLA,VAZQUEZ SAUT,ver20p,,,,pri,ver,1,0,,2009,8,29,2010,3,16,,,,,,,,,,,
580,790,RAFAEL,RODRIGUEZ GONZALEZ,ver20s,,,,pri,ver,1,1,,2010,3,16,,,,,,,,,,,,,,
581,291,ANTONIO,BENITEZ LUCHO,ver21p,,,,pri,ver,1,0,,2009,8,29,,,,,,,,,,,,,,
582,791,EMIGDIO HELIODORO,ENRIQUEZ MERLIN,ver21s,,,,pri,ver,1,1,,,,,,,,,,,,,,,,,,
583,292,LIBORIO,VIDAL AGUILAR,yuc01p,,,,pvem,yuc,1,0,,2009,8,29,,,,,,,,,,,,,,
584,792,JORGE ALBERTO,VALES TRACONIS,yuc01s,,,,pvem,yuc,1,1,,,,,,,,,,,,,,,,,,
585,293,FELIPE,CERVERA HERNANDEZ,yuc02p,,,,pri,yuc,1,0,,2009,8,29,2012,1,20,,,,,,,,,,,
586,793,MARIA ESTER,ALONZO MORALES,yuc02s,,,,pri,yuc,1,1,,,,,,,,,,,,,,,,,,
587,294,ANGELICA DEL ROSARIO,ARAUJO LARA,yuc03p,,,,pri,yuc,1,0,,2009,8,29,2010,1,5,,,,,,,,,,,
588,794,EFRAIN ERNESTO,AGUILAR GONGORA,yuc03s,,,,pri,yuc,1,1,,2010,2,2,,,,,,,,,,,,,,
589,295,ROLANDO RODRIGO,ZAPATA BELLO,yuc04p,,,,pri,yuc,1,0,,2009,8,29,2011,12,15,,,,,,,,,,,
590,795,DANIEL JESUS,GRANJA PENICHE,yuc04s,,,,pri,yuc,1,1,,2012,2,1,,,,,,,,,,,,,,
591,296,MARTIN ENRIQUE,CASTILLO RUZ,yuc05p,,,,pri,yuc,1,0,,2009,8,29,,,,,,,,,,,,,,
592,796,MARCO ALONSO,VELA REYES,yuc05s,,,,pri,yuc,1,1,,,,,,,,,,,,,,,,,,
593,297,GERARDO,LEYVA HERNANDEZ,zac01p,,,,prd,zac,1,0,,2009,8,29,,,,,,,,,,,,,,
594,797,JESUS,PADILLA ESTRADA,zac01s,,,,prd,zac,1,1,,,,,,,,,,,,,,,,,,
595,298,RAMON,JIMENEZ FUENTES,zac02p,,,,prd,zac,1,0,,2009,8,29,,,,,,,,,,,,,,
596,798,HECTOR JAIME,AVILA CORTEZ,zac02s,,,,prd,zac,1,1,,,,,,,,,,,,,,,,,,
597,299,HELADIO GERARDO,VERVER Y VARGAS RAMIREZ,zac03p,,,,prd,zac,1,0,,2009,8,29,,,,,,,,,,,,,,
598,799,CIPRIANO,MOLINA RAMIREZ,zac03s,,,,prd,zac,1,1,,,,,,,,,,,,,,,,,,
599,300,SAMUEL,HERRERA CHAVEZ,zac04p,,,,prd,zac,1,0,,2009,8,29,,,,,,,,,,,,,,
600,800,JOAQUIN,CHACON RUIZ,zac04s,,,,prd,zac,1,1,,,,,,,,,,,,,,,,,,
601,301,ALVA BLANCO ROBERTO,PEREZ DE,c1rp01p,,,,panal,bc,0,0,,2009,8,29,,,,,,,,,,,,,,
602,801,ISABEL CRISTINA,NEVAREZ PULIDO,c1rp01s,,,,panal,bc,0,1,,,,,,,,,,,,,,,,,,
603,302,FRANCISCO ARTURO,VEGA DE LAMADRID,c1rp02p,,,,pan,bc,0,0,,2009,8,29,,,,,,,,,,,,,,
604,802,MARIA OLIVIA,PICAZO OLMOS,c1rp02s,,,,pan,bc,0,1,,,,,,,,,,,,,,,,,,
605,303,HUMBERTO,LEPE LEPE,c1rp03p,,,,pri,bc,0,0,,2009,8,29,,,,,,,,,,,,,,
606,803,CORINA,VALENCIA ALONSO,c1rp03s,,,,pri,bc,0,1,,,,,,,,,,,,,,,,,,
607,304,ALEJANDRO,BAHENA FLORES,c1rp04p,,,,pan,bc,0,0,,2009,8,29,,,,,,,,,,,,,,
608,804,CLAUDIA,RAMOS HERNANDEZ,c1rp04s,,,,pan,bc,0,1,,,,,,,,,,,,,,,,,,
609,305,ISAIAS,GONZALEZ CUEVAS,c1rp05p,,,,pri,bcs,0,0,,2009,8,29,2012,1,20,,,,,,,,,,,
610,805,GLORIA,PORRAS VALLES,c1rp05s,,,,pri,cua,0,1,,,,,,,,,,,,,,,,,,
611,306,FRANCISCO ARMANDO,MEZA CASTRO,c1rp06p,,,,prd,df,0,0,,2009,8,29,,,,,,,,,,,,,,
612,806,JOSE ANTONIO,LEON MENDIVIL,c1rp06s,,,,prd,bcs,0,1,,,,,,,,,,,,,,,,,,
613,307,ESTHELA DE JESUS,PONCE BELTRAN,c1rp07p,,,,pri,bcs,0,0,,2009,8,29,2010,7,21,,,,,,,,,,,
614,807,VICTOR MANUEL ANASTASIO,GALICIA AVILA,c1rp07s,,,,pri,df,0,1,,2010,8,31,,,,,,,,,,,,,,
615,308,VELIA IDALIA,AGUILAR ARMENDARIZ,c1rp08p,,,,pan,cua,0,0,,2009,8,29,,,,,,,,,,,,,,
616,808,ANTONIO,MORALES MENDOZA,c1rp08s,,,,pan,cua,0,1,,,,,,,,,,,,,,,,,,
617,309,ARTURO,GARCIA PORTILLO,c1rp09p,,,,pan,cua,0,0,,2009,8,29,,,,,,,,,,,,,,
618,809,HILDA,CORTEZ PALOMARES,c1rp09s,,,,pan,cua,0,1,,,,,,,,,,,,,,,,,,
619,310,JAVIER,CORRAL JURADO,c1rp10p,,,,pan,cua,0,0,,2009,8,29,2012,3,22,,,,,,,,,,,
620,810,CARMEN MARGARITA,CANO VILLEGAS,c1rp10s,,,,pan,cua,0,1,,2012,8,27,,,,,,,,,,,,,,
621,311,GRACIELA,ORTIZ GONZALEZ,c1rp11p,,,,pri,cua,0,0,,2009,8,29,2010,10,1,2012,1,6,,,,,,,,
622,811,VICTOR ROBERTO,SILVA CHACON,c1rp11s,,,,pri,cua,0,1,,2010,10,12,,,,,,,,,,,,,,
623,312,JOSE DE JESUS,ZAMBRANO GRIJALVA,c1rp12p,,,,prd,df,0,0,,2009,8,29,2011,3,23,,,,,,,,,,Mesa dir 1,
624,812,HECTOR ELIAS,BARRAZA CHAVEZ,c1rp12s,,,,prd,cua,0,1,,2011,3,31,,,,,,,,,,,,,,
625,313,MARIA GUADALUPE,SILERIO NUÑEZ,c1rp13p,,,,prd,dgo,0,0,,2009,8,29,2010,1,5,,,,,,,,,,,
626,813,MARCOS CARLOS,CRUZ MARTINEZ,c1rp13s,,,,prd,dgo,0,1,,2010,2,16,,,,,,,,,,,,,,
627,314,YOLANDA,DE LA TORRE VALDEZ,c1rp14p,,,,pri,dgo,0,0,,2009,8,29,,,,,,,,,,,,,,
628,814,ISMAEL,OROZCO LORETO,c1rp14s,,,,pri,dgo,0,1,,,,,,,,,,,,,,,,,,
629,315,LAURA ELENA,ESTRADA RODRIGUEZ,c1rp15p,,,,pan,dgo,0,0,,2009,8,29,,,,,,,,,,,,,,
630,815,JOSE RAMON,ARRIETA MONARRES,c1rp15s,,,,pan,dgo,0,1,,,,,,,,,,,,,,,,,,
631,316,LORENA,CORONA VALDES,c1rp16p,,,,pvem,df,0,0,,2009,8,29,,,,,,,,,,,,,,
632,816,MIGUEL,OROZCO GOMEZ,c1rp16s,,,,pvem,dgo,0,1,,,,,,,,,,,,,,,,,,
633,317,BONIFACIO,HERRERA RIVERA,c1rp17p,,,,pan,dgo,0,0,,2009,8,29,,,,,,,,,,,,,,
634,817,CARMEN PATRICIA,ESCOBEDO MACIEL,c1rp17s,,,,pan,dgo,0,1,,,,,,,,,,,,,,,,,,
635,318,ANEL PATRICIA,NAVA PEREZ,c1rp18p,,,,pt,dgo,0,0,,2009,8,29,2009,12,22,,,,,,,,,,juanita,
636,818,ALFONSO PRIMITIVO,RIOS VAZQUEZ,c1rp18s,,,,pt,dgo,0,1,,2009,9,3,,,,,,,,,,,,,,
637,319,MARIA JOANN,NOVOA MOSSBERGER,c1rp19p,,,,pan,jal,0,0,,2009,8,29,,,,,,,,,,,,,,
638,819,JUAN CARLOS,VALENCIA GARCIA,c1rp19s,,,,pan,jal,0,1,,,,,,,,,,,,,,,,,,
639,320,JUAN ENRIQUE,IBARRA PEDROZA,c1rp20p,,,,pt,jal,0,0,,2009,8,29,,,,,,,,,,,,,,
640,820,JULIO CESAR,VAZQUEZ CASTILLO,c1rp20s,,,,pt,jal,0,1,,,,,,,,,,,,,,,,,,
641,321,RAFAEL,YERENA ZAMBRANO,c1rp21p,,,,pri,jal,0,0,,2009,8,29,2012,4,17,,,,,,,,,,,
642,821,MARIA DE LA LUZ,GOMEZ VILLALOVOS,c1rp21s,,,,pri,jal,0,1,,2012,4,24,,,,,,,,,,,,,,
643,322,MARIA ESTHER DE JESUS,SCHERMAN LEAÑO,c1rp22p,,,,pri,jal,0,0,,2009,8,29,,,,,,,,,,,,,,
644,822,RAUL,CORTEZ ALVARADO,c1rp22s,,,,pri,jal,0,1,,,,,,,,,,,,,,,,,,
645,323,ALBERTO EMILIANO,CINTA MARTINEZ,c1rp23p,,,,pvem,df,0,0,,2009,8,29,,,,,,,,,,,,,,
646,823,EDGAR JAVIER,PEREZ URIBE,c1rp23s,,,,pvem,jal,0,1,,,,,,,,,,,,,,,,,,
647,324,ANA ELIA,PAREDES ARCIGA,c1rp24p,,,,pan,jal,0,0,,2009,8,29,,,,,,,,,,,,,,
648,824,JUAN CARLOS,ORTEGA ZEPEDA,c1rp24s,,,,pan,jal,0,1,,,,,,,,,,,,,,,,,,
649,325,GUSTAVO,GONZALEZ HERNANDEZ,c1rp25p,,,,pan,jal,0,0,,2009,8,29,,,,,,,,,,,,,,
650,825,LUZ ELENA,ESTRADA LUNA,c1rp25s,,,,pan,jal,0,1,,,,,,,,,,,,,,,,,,
651,326,LAURA ELENA,LEDESMA ROMO,c1rp26p,,,,pvem,bc,0,0,,,,,2009,12,22,,,,,,,,,,suplente no acepta cargo el 23 de diciembre 2009,
652,826,MAXIMINO ALEJANDRO,FERNANDEZ AVILA,c1rp26s,,,,pvem,bc,0,1,,,,,,,,,,,,,,,,,no acepta suplir,
653,327,CORA CECILIA,PINEDO ALONSO,c1rp27p,,,,panal,nay,0,0,,2009,8,29,,,,,,,,,,,,,pineda?,
654,827,DORA MARIA GUADALUPE,TALAMANTE LEMAS,c1rp27s,,,,panal,nay,0,1,,,,,,,,,,,,,,,,,,
655,328,MARIA FELICITAS,PARRA BECERRA,c1rp28p,,,,pan,nay,0,0,,2009,8,29,,,,,,,,,,,,,,
656,828,ANTONIO,RAMOS QUIRARTE,c1rp28s,,,,pan,nay,0,1,,,,,,,,,,,,,,,,,,
657,329,MARIA HILARIA,DOMINGUEZ ARVIZU,c1rp29p,,,,pri,nay,0,0,,2009,8,29,,,,,,,,,,,,,,
658,829,RICARDO PEDRO,CHAVEZ PEREZ,c1rp29s,,,,pri,nay,0,1,,,,,,,,,,,,,,,,,,
659,330,MANUEL JESUS,CLOUTHIER CARRILLO,c1rp30p,,,,pan,sin,0,0,,2009,8,29,2012,3,7,,,,,,,,,,,
660,830,VALERIO,GONZALEZ SCHCOLNIK,c1rp30s,,,,pan,sin,0,1,,2012,3,8,,,,,,,,,,,,,,
661,331,OSCAR GUILLERMO,LEVIN COPPEL,c1rp31p,,,,pri,df,0,0,,2009,8,29,,,,,,,,,,,,,,
662,831,CARMEN JULIETA,TORRES LIZARRAGA,c1rp31s,,,,pri,sin,0,1,,,,,,,,,,,,,,,,,,
663,332,ADOLFO,ROJO MONTOYA,c1rp32p,,,,pan,sin,0,0,,2009,8,29,,,,,,,,,,,,,,
664,832,MARIA,ZAMUDIO GUZMAN,c1rp32s,,,,pan,sin,0,1,,,,,,,,,,,,,,,,,,
665,333,ALFREDO,VILLEGAS ARREOLA,c1rp33p,,,,pri,sin,0,0,,2009,8,29,,,,,,,,,,,,,,
666,833,IRMA GUADALUPE,MORENO OVALLES,c1rp33s,,,,pri,sin,0,1,,,,,,,,,,,,,,,,,,
667,334,GUADALUPE EDUARDO,ROBLES MEDINA,c1rp34p,,,,pan,sin,0,0,,2009,8,29,,,,,,,,,,,,,,
668,834,MARIA ELENA,SOTO PIÑA,c1rp34s,,,,pan,sin,0,1,,,,,,,,,,,,,,,,,,
669,335,ENRIQUE,TORRES DELGADO,c1rp35p,,,,pan,son,0,0,,2009,8,29,,,,,,,,,,,,,,
670,835,ROSA ICELA,FLORES TORRES,c1rp35s,,,,pan,son,0,1,,,,,,,,,,,,,,,,,,
671,336,CARLOS SAMUEL,MORENO TERAN,c1rp36p,,,,pvem,son,0,0,,2009,8,29,2012,3,28,,,,,,,,,,Mesa dir 1,
672,836,MARIANO,QUIHUIS FRAGOSO,c1rp36s,,,,pvem,son,0,1,,2012,3,28,,,,,,,,,,,,,,
673,337,JESUS ALBERTO,CANO VELEZ,c1rp37p,,,,pri,son,0,0,,2009,8,29,,,,,,,,,,,,,,
674,837,IRIS FERNANDA,SANCHEZ CHIU,c1rp37s,,,,pri,son,0,1,,,,,,,,,,,,,,,,,,
675,338,DORA EVELYN,TRIGUERAS DURON,c1rp38p,,,,pan,son,0,0,,2009,8,29,,,,,,,,,,,,,,
676,838,JESUS,ENCINAS CASTRO,c1rp38s,,,,pan,son,0,1,,,,,,,,,,,,,,,,,,
677,339,SANCHEZ MARIA DOLORES,DEL RIO,c1rp39p,,,,pan,son,0,0,,2009,8,29,,,,,,,,,,,,,Mesa dir 1,
678,839,JOSE GASTON,PAVLOVICH RODRIGUEZ,c1rp39s,,,,pan,son,0,1,,,,,,,,,,,,,,,,,,
679,340,MARCOS,PEREZ ESQUER,c1rp40p,,,,pan,son,0,0,,2009,8,29,,,,,,,,,,,,,,
680,840,IROCEMA NAIDU,MADERA AYON,c1rp40s,,,,pan,son,0,1,,,,,,,,,,,,,,,,,,
681,341,MA. DE LOURDES,REYNOSO FEMAT,c2rp01p,,,,pan,ags,0,0,,2009,8,29,,,,,,,,,,,,,,
682,841,JAIME,DEL CONDE UGARTE,c2rp01s,,,,pan,ags,0,1,,,,,,,,,,,,,,,,,,
683,342,NANCY,GONZALEZ ULLOA,c2rp02p,,,,pan,ags,0,0,,2009,8,29,,,,,,,,,,,,,,
684,842,JOSE JUAN,SANCHEZ BARBA,c2rp02s,,,,pan,ags,0,1,,,,,,,,,,,,,,,,,,
685,343,MARGARITA,GALLEGOS SOTO,c2rp03p,,,,pri,ags,0,0,,2009,8,29,,,,,,,,,,,,,,
686,843,JULIO CESAR,FLEMATE RAMIREZ,c2rp03s,,,,pri,ags,0,1,,,,,,,,,,,,,,,,,,
687,344,JESUS,RAMIREZ RANGEL,c2rp04p,,,,pan,df,0,0,,2009,8,29,2012,2,2,2012,4,10,,,,,,,,
688,844,MAYRA LUCILA,VALDES GONZALEZ,c2rp04s,,,,pan,coa,0,1,,,,,,,,,,,,,,,,,,
689,345,ELSA MARIA,MARTINEZ PEÑA,c2rp05p,,,,panal,coa,0,0,,2009,8,29,,,,,,,,,,,,,,
690,845,GLORIA ANGELICA,MEDINA MORALES,c2rp05s,,,,panal,coa,0,1,,,,,,,,,,,,,,,,,,
691,346,MARY TELMA,GUAJARDO VILLARREAL,c2rp06p,,,,prd,coa,0,0,,2009,8,29,,,,,,,,,,,,,coord from 31/3/12 to 31/8/12,
692,846,LYDIA MARIBEL,CARDENAS CISNEROS,c2rp06s,,,,prd,coa,0,1,,,,,,,,,,,,,,,,,,
693,347,HILDA ESTHELA,FLORES ESCALERA,c2rp07p,,,,pri,coa,0,0,,2009,8,29,2010,1,13,,,,,,,,,,,
694,847,NOE FERNANDO,GARZA FLORES,c2rp07s,,,,pri,coa,0,1,,2010,2,2,2011,11,24,,,,,,,,,,,
695,348,TERESO,MEDINA RAMIREZ,c2rp08p,,,,pri,coa,0,0,,2009,8,29,,,,2012,4,19,,,,,,,,
696,848,MARIA DOLORES PATRICIA,CABRERA MUÑOZ,c2rp08s,,,,pri,coa,0,1,,,,,,,,,,,,,,,,,,
697,349,TOMASA,VIVES PRECIADO,c2rp09p,,,,pan,coa,0,0,,2009,8,29,,,,,,,,,,,,,,
698,849,FERNANDO,OYERVIDES THOMAS,c2rp09s,,,,pan,coa,0,1,,,,,,,,,,,,,,,,,,
699,350,JAVIER BERNARDO,USABIAGA ARROYO,c2rp10p,,,,pan,gua,0,0,,2009,8,29,,,,,,,,,,,,,,
700,850,REBECA,LOMELIN VELASCO,c2rp10s,,,,pan,gua,0,1,,,,,,,,,,,,,,,,,,
701,351,NORMA,SANCHEZ ROMERO,c2rp11p,,,,pan,gua,0,0,,2009,8,29,,,,,,,,,,,,,,
702,851,ELIACIB ADIEL,LEIJA GARZA,c2rp11s,,,,pan,gua,0,1,,,,,,,,,,,,,,,,,,
703,352,ALEJANDRA NOEMI,REYNOSO SANCHEZ,c2rp12p,,,,pan,gua,0,0,,2009,8,29,2011,9,27,,,,,,,,,,,
704,852,EDGARDO,CHAIRE CHAVERO,c2rp12s,,,,pan,gua,0,1,,2011,9,29,,,,,,,,,,,,,,
705,353,JUSTINO EUGENIO,ARRIAGA ROJAS,c2rp13p,,,,pan,gua,0,0,,2009,8,29,2012,4,17,2012,7,2,,,,,,,,
706,853,MARIA GABRIELA,BANDA LOPEZ,c2rp13s,,,,pan,gua,0,1,,2012,4,19,,,,,,,,,,,,,,
707,354,GERARDO,SANCHEZ GARCIA,c2rp14p,,,,pri,df,0,0,,2009,8,29,2010,10,5,,,,,,,,,,,
708,854,MARIA DEL REFUGIO,CALDERON GONZALEZ,c2rp14s,,,,pri,gua,0,1,,,,,,,,,,,,,,,,,,
709,355,COBOS SILVA JOSE GERARDO,DE LOS,c2rp15p,,,,pan,gua,0,0,,2009,8,29,,,,,,,,,,,,,,
710,855,OFELIA,CALLEJA VILLALOBOS,c2rp15s,,,,pan,gua,0,1,,,,,,,,,,,,,,,,,,
711,356,YULMA,ROCHA AGUILAR,c2rp16p,,,,pri,gua,0,0,,2009,8,29,2010,1,20,,,,,,,,,,juanita,
712,856,TERESA GUILLERMO RAUL,RUIZ DE,c2rp16s,,,,pri,df,0,1,,2009,9,3,,,,,,,,,,,,,,
713,357,REYES S.,TAMEZ GUERRA,c2rp17p,,,,panal,nl,0,0,,2009,8,29,2011,9,1,,,,,,,,,,coord from 1/9/09 to 31/8/11,
714,857,JOSE ISABEL,MEZA ELIZONDO,c2rp17s,,,,panal,nl,0,1,,2011,9,6,,,,,,,,,,,,,,
715,358,KATTIA,GARZA ROMO,c2rp18p,,,,pvem,nl,0,0,,2009,8,29,2009,9,3,,,,,,,,,,juanita,
716,858,GUILLERMO,CUEVA SADA,c2rp18s,,,,pvem,nl,0,1,,2009,9,3,,,,,,,,,,,,,,
717,359,GONZALEZ RODRIGO,PEREZ-ALONSO,c2rp19p,,,,pvem,nl,0,0,,2009,8,29,,,,,,,,,,,,,,
718,859,ROBERTO,GARCIA REQUEN,c2rp19s,,,,pvem,nl,0,1,,,,,,,,,,,,,,,,,,
719,360,FELIPE DE JESUS,CANTU RODRIGUEZ,c2rp20p,,,,pan,nl,0,0,,2009,8,29,,,,,,,,,,,,,,
720,860,ALEIDA GIOVANA,CARRASCO ALARCON,c2rp20s,,,,pan,nl,0,1,,,,,,,,,,,,,,,,,,
721,361,PEDRO,VAZQUEZ GONZALEZ,c2rp21p,,,,pt,nl,0,0,,2009,8,29,,,,,,,,,,,,,coord,
722,861,HECTOR,QUIROZ GARCIA,c2rp21s,,,,pt,nl,0,1,,,,,,,,,,,,,,,,,,
723,362,RETANA BENJAMIN,CLARIOND REYES,c2rp22p,,,,pri,nl,0,0,,2009,8,29,,,,,,,,,,,,,,
724,862,ANTONIA MONICA,GARCIA VELAZQUEZ,c2rp22s,,,,pri,nl,0,1,,,,,,,,,,,,,,,,,,
725,363,BALTAZAR,MARTINEZ MONTEMAYOR,c2rp23p,,,,pan,nl,0,0,,2009,8,29,,,,,,,,,,,,,,
726,863,ITZEL SOLEDAD,CASTILLO ALMANZA,c2rp23s,,,,pan,nl,0,1,,,,,,,,,,,,,,,,,,
727,364,MARIANA IVETTE,EZETA SALCEDO,c2rp24p,,,,pvem,df,0,0,,2009,8,29,2009,12,22,,,,,,,,,,juanita,
728,864,CARLOS ALBERTO,EZETA SALCEDO,c2rp24s,,,,pvem,df,0,1,,2009,9,3,,,,,,,,,,,,,,
729,365,JESUS MARIA,RODRIGUEZ HERNANDEZ,c2rp25p,,,,pri,que,0,0,,2009,8,29,,,,,,,,,,,,,,
730,865,MARIA GUADALUPE,GUIDI KAWAS,c2rp25s,,,,pri,que,0,1,,,,,,,,,,,,,,,,,,
731,366,MARIA MARCELA,TORRES PEIMBERT,c2rp26p,,,,pan,que,0,0,,2009,8,29,,,,,,,,,,,,,,
732,866,ROBERTO,CANTU LATAPI,c2rp26s,,,,pan,que,0,1,,,,,,,,,,,,,,,,,,
733,367,RAFAEL,PACCHIANO ALAMAN,c2rp27p,,,,pvem,df,0,0,,2009,8,29,2009,9,3,,,,,,,,,,,
734,867,RUIZ ALEJANDRA,LAGUNES SOTO,c2rp27s,,,,pvem,que,0,1,,2009,9,3,,,,,,,,,,,,,,
735,368,MARIA SANDRA,UGALDE BASALDUA,c2rp28p,,,,pan,que,0,0,,2009,8,29,,,,,,,,,,,,,,
736,868,FRANCISCO,PAJARO ANAYA,c2rp28s,,,,pan,que,0,1,,,,,,,,,,,,,,,,,,
737,369,SARA GABRIELA,MONTIEL SOLIS,c2rp29p,,,,pri,tam,0,0,,2009,8,29,2010,1,5,,,,,,,,,,juanita,
738,869,ENRIQUE SALOMON,ROSAS RAMIREZ,c2rp29s,,,,pri,san,0,1,,2010,2,2,,,,,,,,,,,,,,
739,370,DOMINGO,RODRIGUEZ MARTELL,c2rp30p,,,,prd,san,0,0,,2009,8,29,,,,,,,,,,,,,,
740,870,EDUARDO,ARGUIJO BALDENEGRO,c2rp30s,,,,prd,san,0,1,,,,,,,,,,,,,,,,,,
741,371,FRANCISCO JAVIER,SALAZAR SAENZ,c2rp31p,,,,pan,san,0,0,,2009,8,29,,,,,,,,,,,,,Mesa dir 1,
742,871,JOSEFINA DE LA CRUZ CELESTE,VAZQUEZ GARCIA,c2rp31s,,,,pan,san,0,1,,,,,,,,,,,,,,,,,,
743,372,ENRIQUE OCTAVIO,TREJO AZUARA,c2rp32p,,,,pan,san,0,0,,2009,8,29,,,,,,,,,,,,,,
744,872,DORA PATRICIA,JUAREZ ALEJO,c2rp32s,,,,pan,san,0,1,,,,,,,,,,,,,,,,,,
745,373,CARLOS,FLORES RICO,c2rp33p,,,,pri,df,0,0,,2009,8,29,,,,,,,,,,,,,,
746,873,NAYELI LIZBETH,GOMEZ RAMIREZ,c2rp33s,,,,pri,tam,0,1,,,,,,,,,,,,,,,,,,
747,374,MERCEDES DEL CARMEN,GUILLEN VICENTE,c2rp34p,,,,pri,tam,0,0,,2009,8,29,,,,,,,,,,,,,,
748,874,FELIPE,CABRAL SOTO,c2rp34s,,,,pri,tam,0,1,,,,,,,,,,,,,,,,,,
749,375,FELIPE,SOLIS ACERO,c2rp35p,,,,pri,df,0,0,,2009,8,29,,,,,,,,,,,,,Mesa dir 1,
750,875,JAIME MONICA DEYHANIRA,DEL REAL,c2rp35s,,,,pri,tam,0,1,,,,,,,,,,,,,,,,,,
751,376,CRUZ,LOPEZ AGUILAR,c2rp36p,,,,pri,tam,0,0,,2009,8,29,,,,,,,,,,,,,,
752,876,ANA BERTHA,SILVA SOLORZANO,c2rp36s,,,,pri,tam,0,1,,,,,,,,,,,,,,,,,,
753,377,NORMA LETICIA,SALAZAR VAZQUEZ,c2rp37p,,,,pan,tam,0,0,,2009,8,29,,,,,,,,,,,,,,
754,877,GERARDO JAVIER,SALDIVAR REYNA,c2rp37s,,,,pan,tam,0,1,,,,,,,,,,,,,,,,,,
755,378,CLAUDIA EDITH,ANAYA MOTA,c2rp38p,,,,prd,zac,0,0,,2009,8,29,2012,4,10,2012,4,24,,,,,,,,
756,878,ADRIANA,PUENTE MONTES,c2rp38s,,,,prd,zac,0,1,,,,,,,,,,,,,,,,,,
757,379,LUIS ENRIQUE,MERCADO SANCHEZ,c2rp39p,,,,pan,zac,0,0,,2009,8,29,,,,,,,,,,,,,,
758,879,FRANCISCO,DICK NEUFELD,c2rp39s,,,,pan,zac,0,1,,,,,,,,,,,,,,,,,,
759,380,ARTURO,RAMIREZ BUCIO,c2rp40p,,,,pan,zac,0,0,,2009,8,29,,,,,,,,,,,,,,
760,880,PATRICIA GUILLERMINA,RIVERA VELAZQUEZ,c2rp40s,,,,pan,zac,0,1,,,,,,,,,,,,,,,,,,
761,381,NELLY DEL CARMEN,MARQUEZ ZAPATA,c3rp01p,,,,pan,cam,0,0,,2009,8,29,,,,,,,,,,,,,,
762,881,VICTOR ENRIQUE,AGUIRRE MONTALVO,c3rp01s,,,,pan,cam,0,1,,,,,,,,,,,,,,,,,,
763,382,YOLANDA DEL CARMEN,MONTALVO LOPEZ,c3rp02p,,,,pan,cam,0,0,,2009,8,29,,,,,,,,,,,,,,
764,882,VICTOR SANTIAGO,ESTRELLA RAMIREZ,c3rp02s,,,,pan,cam,0,1,,,,,,,,,,,,,,,,,,
765,383,VICTOR MANUEL,KIDNIE DE LA CRUZ,c3rp03p,,,,pri,cam,0,0,,2009,8,29,,,,,,,,,,,,,,
766,883,GIACOMINA MARIA,MERINO CAPELLINI,c3rp03s,,,,pri,cam,0,1,,,,,,,,,,,,,,,,,,
767,384,JOSE IGNACIO,SEARA SIERRA,c3rp04p,,,,pan,cam,0,0,,2009,8,29,,,,,,,,,,,,,,
768,884,ILEANA JANNETTE,HERRERA PEREZ,c3rp04s,,,,pan,cam,0,1,,,,,,,,,,,,,,,,,,
769,385,LIEV VLADIMIR,RAMOS CARDENAS,c3rp05p,,,,pan,cps,0,0,,2009,8,29,,,,,,,,,,,,,,
770,885,EDER OSWALDO,CALDERON ORANTES,c3rp05s,,,,pan,cps,0,1,,,,,,,,,,,,,,,,,,
771,386,FRANCISCO AMADEO,ESPINOSA RAMOS,c3rp06p,,,,pt,cps,0,0,,2009,8,29,,,,,,,,,,,,,,
772,886,HECTOR HUGO,ROBLERO GORDILLO,c3rp06s,,,,pt,cps,0,1,,,,,,,,,,,,,,,,,,
773,387,OLGA LUZ,ESPINOSA MORALES,c3rp07p,,,,prd,cps,0,0,,2009,8,29,2009,9,3,,,,,,,,,,juanita,
774,887,CARLOS ENRIQUE,ESQUINCA CANCINO,c3rp07s,,,,prd,cps,0,1,,2009,9,3,,,,,,,,,,,,,,
775,388,GLORIA TRINIDAD,LUNA RUIZ,c3rp08p,,,,pan,cps,0,0,,2009,8,29,2012,4,10,,,,,,,,,,,
776,888,CESAR AUGUSTO,RODRIGUEZ CAL Y MAYOR,c3rp08s,,,,pan,cps,0,1,,,,,,,,,,,,,,,,,,
777,389,ANA MARIA,ROJAS RUIZ,c3rp09p,,,,pri,cps,0,0,,2009,8,29,2009,12,22,2012,4,17,,,,,,,juanita,
778,889,JULIAN,NAZAR MORALES,c3rp09s,,,,pri,cps,0,1,,2010,2,2,2012,1,18,2012,2,16,2012,4,17,,,,,
779,390,CESAR AUGUSTO,SANTIAGO RAMIREZ,c3rp10p,,,,pri,cps,0,0,,2009,8,29,,,,,,,,,,,,,,
780,890,MARIANA,BENITEZ TIBURCIO,c3rp10s,,,,pri,cps,0,1,,,,,,,,,,,,,,,,,,
781,391,FEDERICO,OVALLE VAQUERA,c3rp11p,,,,prd,cps,0,0,,2009,8,29,,,,,,,,,,,,,,
782,891,ABRAHAM,BAGDADI ESTRELLA,c3rp11s,,,,prd,cps,0,1,,,,,,,,,,,,,,,,,,
783,392,MAGDALENA,TORRES ABARCA,c3rp12p,,,,prd,cps,0,0,,2009,8,29,2012,3,30,,,,,,,,,,,
784,892,ELVIRA DE JESUS,POLA FIGUEROA,c3rp12s,,,,prd,cps,0,1,,,,,,,,,,,,,,,,,,
785,393,ROBERTO,GIL ZUARTH,c3rp13p,,M,,pan,df,0,0,,2009,8,29,2010,3,16,2010,10,7,2011,1,12,,,,,
786,893,MARICARMEN,VALLS ESPONDA,c3rp13s,,F,,pan,df,0,1,,2010,3,18,,,,,,,,,,,,,,
787,394,NARCEDALIA,RAMIREZ PINEDA,c3rp14p,,,,pri,oax,0,0,,2009,8,29,,,,,,,,,,,,,,
788,894,JOSE IGNACIO,MENDICUTI PRIEGO,c3rp14s,,,,pri,oax,0,1,,,,,,,,,,,,,,,,,,
789,395,GUILLERMO JOSE,ZAVALETA ROJAS,c3rp15p,,,,pan,oax,0,0,,2009,8,29,2010,9,3,,,,,,,,,,falleció,
790,895,MARIA DE JESUS,MENDOZA SANCHEZ,c3rp15s,,,,pan,oax,0,1,,2010,9,21,,,,,,,,,,,,,,
791,396,MARIA GUADALUPE,GARCIA ALMANZA,c3rp16p,,,,conve,oax,0,0,,2009,8,29,,,,,,,,,,,,,,
792,896,JOSE,SOTO MARTINEZ,c3rp16s,,,,conve,oax,0,1,,,,,,,,,,,,,,,,,,
793,397,JORGE FERNANDO,FRANCO VARGAS,c3rp17p,,,,pri,oax,0,0,,2009,8,29,,,,,,,,,,,,,,
794,897,FLORENCIA CAROLINA,APARICIO SANCHEZ,c3rp17s,,,,pri,oax,0,1,,,,,,,,,,,,,,,,,,
795,398,MARGARITA,LIBORIO ARRAZOLA,c3rp18p,,,,pri,oax,0,0,,2009,8,29,,,,,,,,,,,,,,
796,898,MIGUEL ANGEL,ORTEGA HABIB,c3rp18s,,,,pri,oax,0,1,,,,,,,,,,,,,,,,,,
797,399,JUANITA ARCELIA,CRUZ CRUZ,c3rp19p,,,,prd,oax,0,0,,2009,8,29,,,,,,,,,,,,,,
798,899,AIDA,HERNANDEZ DIAZ,c3rp19s,,,,prd,oax,0,1,,,,,,,,,,,,,,,,,,
799,400,BELGICA NABIL,CARMONA CABRERA,c3rp20p,,,,prd,oax,0,0,,2009,8,29,,,,,,,,,,,,,,
800,900,ALEIDA TONELLY,SERRANO ROSADO,c3rp20s,,,,prd,oax,0,1,,,,,,,,,,,,,,,,,,
801,401,GUSTAVO ANTONIO MIGUEL,ORTEGA JOAQUIN,c3rp21p,,,,pan,qui,0,0,,2009,8,29,,,,,,,,,,,,,,
802,901,EVA SYLVIA,GUERRERO GARCIA,c3rp21s,,,,pan,qui,0,1,,,,,,,,,,,,,,,,,,
803,402,JUAN GERARDO,FLORES RAMIREZ,c3rp22p,,,,pvem,df,0,0,,2009,8,29,,,,,,,,,,,,,,
804,902,VERONICA ROCIO,TOMAS RUIZ,c3rp22s,,,,pvem,tab,0,1,,,,,,,,,,,,,,,,,,
805,403,PEDRO,JIMENEZ LEON,c3rp23p,,,,conve,tab,0,0,,2009,8,29,,,,,,,,,,,,,coord,
806,903,RICARDO,CORONADO SANGINES,c3rp23s,,,,conve,tab,0,1,,,,,,,,,,,,,,,,,,
807,404,GEORGINA,TRUJILLO ZENTELLA,c3rp24p,,,,pri,tab,0,0,,2009,8,29,,,,,,,,,,,,,Mesa dir 1,
808,904,GERARDO,AMARO BETANCOURT,c3rp24s,,,,pri,tab,0,1,,,,,,,,,,,,,,,,,,
809,405,RODOLFO,LARA LAGUNAS,c3rp25p,,,,prd,tab,0,0,,2009,8,29,,,,,,,,,,,,,,
810,905,FRANCISCO,GARDUÑO YAÑEZ,c3rp25s,,,,prd,tab,0,1,,,,,,,,,,,,,,,,,,
811,406,GUADALUPE,VALENZUELA CABRALES,c3rp26p,,,,pan,tab,0,0,,2009,8,29,,,,,,,,,,,,,,
812,906,FRANCISCO JAVIER,SOBERANO MIRANDA,c3rp26s,,,,pan,tab,0,1,,,,,,,,,,,,,,,,,,
813,407,VICTOR FELIX,FLORES MORALES,c3rp27p,,,,pri,ver,0,0,,2009,8,29,,,,,,,,,,,,,,
814,907,IGNACIA,GARCIA LOPEZ,c3rp27s,,,,pri,ver,0,1,,,,,,,,,,,,,,,,,,
815,408,ADRIANA,SARUR TORRE,c3rp28p,,,,pvem,df,0,0,,2009,8,29,,,,,,,,,,,,,zarur?,
816,908,ALEJANDRO,ORANTES COELLO,c3rp28s,,,,pvem,ver,0,1,,,,,,,,,,,,,,,,,,
817,409,BERNARDO MARGARITO,TELLEZ JUAREZ,c3rp29p,,,,pan,ver,0,0,,2009,8,29,,,,,,,,,,,,,,
818,909,MARIA DEL ROSARIO,CAMPOS LOPEZ,c3rp29s,,,,pan,ver,0,1,,,,,,,,,,,,,,,,,,
819,410,SILVIA ISABEL,MONGE VILLALOBOS,c3rp30p,,,,pan,ver,0,0,,2009,8,29,,,,,,,,,,,,,,
820,910,RAUL,MARTINEZ CHAVEZ,c3rp30s,,,,pan,ver,0,1,,,,,,,,,,,,,,,,,,
821,411,MARIA ESTHER,TERAN VELAZQUEZ,c3rp31p,,,,pri,ver,0,0,,2009,8,29,,,,2012,3,27,,,,,,,,
822,911,ARTURO,VILLARINO PEREZ,c3rp31s,,,,pri,ver,0,1,,,,,,,,,,,,,,,,,,
823,412,JULIO,SALDAÑA MORAN,c3rp32p,,,,pan,ver,0,0,,2009,8,29,2010,4,14,2010,10,26,,,,,,,,
824,912,KARLA VERONICA,GONZALEZ CRUZ,c3rp32s,,,,pan,ver,0,1,,2010,4,20,2010,10,26,,,,,,,,,,,
825,413,OSCAR SAUL,CASTILLO ANDRADE,c3rp33p,,,,pan,ver,0,0,,2009,8,29,,,,,,,,,,,,,,
826,913,MA. FELICITAS,PEREZ RESENDIZ,c3rp33s,,,,pan,ver,0,1,,,,,,,,,,,,,,,,,,
827,414,JUAN NICOLAS,CALLEJAS ARROYO,c3rp34p,,,,pri,ver,0,0,,2009,8,29,,,,,,,,,,,,,,
828,914,ALICIA,GONZALEZ CERECEDO,c3rp34s,,,,pri,ver,0,1,,,,,,,,,,,,,,,,,,
829,415,MARIA YOLANDA,VALENCIA VALES,c3rp35p,,,,pan,yuc,0,0,,2009,8,29,,,,,,,,,,,,,,
830,915,MAURICIO,VILA DOSAL,c3rp35s,,,,pan,yuc,0,1,,,,,,,,,,,,,,,,,,
831,416,JORGE CARLOS,RAMIREZ MARIN,c3rp36p,,,,pri,yuc,0,0,,2009,8,29,,,,,,,,,,,,,,
832,916,PATRICIA,AGUILAR GARCIA,c3rp36s,,,,pri,yuc,0,1,,,,,,,,,,,,,,,,,,
833,417,DANIEL GABRIEL,AVILA RUIZ,c3rp37p,,,,pan,yuc,0,0,,2009,8,29,,,,,,,,,,,,,,
834,917,MARIA INES,LOEZA RODRIGUEZ,c3rp37s,,,,pan,yuc,0,1,,,,,,,,,,,,,,,,,,
835,418,ROSA ADRIANA,DIAZ LIZAMA,c3rp38p,,,,pan,yuc,0,0,,2009,8,29,,,,,,,,,,,,,,
836,918,TITO FLORENCIO,SANCHEZ CAMARGO,c3rp38s,,,,pan,yuc,0,1,,,,,,,,,,,,,,,,,,
837,419,ERIC LUIS,RUBIO BARTHELL,c3rp39p,,,,pri,yuc,0,0,,2009,8,29,,,,,,,,,,,,,,
838,919,MARTHA PATRICIA,RUIZ CONTRERAS,c3rp39s,,,,pri,yuc,0,1,,,,,,,,,,,,,,,,,,
839,420,JOSE,NARRO CESPEDES,c3rp40p,,,,prd,zac,0,0,,2009,8,29,2011,12,15,,,,,,,,,,,
840,920,JUAN CARLOS,REGIS ADAME,c3rp40s,,,,prd,zac,0,1,,2011,12,15,,,,,,,,,,,,,,
841,421,JOSEFINA EUGENIA,VAZQUEZ MOTA,c4rp01p,,,,pan,mex,0,0,,2009,8,29,2011,9,6,,,,,,,,,,coord from 1/9/09 to 6/9/11,
842,921,MIGUEL,NOVOA GOMEZ,c4rp01s,,,,pan,mex,0,1,,,,,,,,,,,,,,,,,,
843,422,DIEGO,GUERRERO RUBIO,c4rp02p,,,,pvem,mex,0,0,,2009,8,29,2011,3,16,,,,,,,,,,,
844,922,JORGE,HERRERA MARTINEZ,c4rp02s,,,,pvem,df,0,1,,2011,3,17,,,,,,,,,,,,,,
845,423,PABLO,RODRIGUEZ REGORDOSA,c4rp03p,,,,pan,pue,0,0,,2009,8,29,2011,2,1,,,,,,,,,,,
846,923,MARIA DEL CARMEN,GUZMAN LOZANO,c4rp03s,,,,pan,pue,0,1,,2011,2,8,,,,,,,,,,,,,,
847,424,LAURA ITZEL,CASTILLO JUAREZ,c4rp04p,,,,pt,df,0,0,,2009,8,29,,,,,,,,,,,,,,
848,924,GENARO,CERVANTES VEGA,c4rp04s,,,,pt,df,0,1,,,,,,,,,,,,,,,,,,
849,425,ENOE MARGARITA,URANGA MUÑOZ,c4rp05p,,,,prd,df,0,0,,2009,8,29,,,,,,,,,,,,,,
850,925,CLAUDIA MARIA,HINOJOSA CORONA,c4rp05s,,,,prd,df,0,1,,,,,,,,,,,,,,,,,,
851,426,ALEJANDRO DE JESUS,ENCINAS RODRIGUEZ,c4rp06p,,,,prd,df,0,0,,2009,8,29,2011,3,31,2011,8,29,2012,3,29,,,,coord from 1/9/09 to 31/3/11,
852,926,AARON,MASTACHE MONDRAGON,c4rp06s,,,,prd,df,0,1,,2011,4,5,,,,,,,,,,,,,,
853,427,FUENSANTA PATRICIA,JIMENEZ CASE,c4rp07p,,,,pri,df,0,0,,2009,8,29,2010,1,20,,,,,,,,,,,
854,927,CUAUHTEMOC,GUTIERREZ DE LA TORRE,c4rp07s,,,,pri,df,0,1,,2010,2,2,2011,8,15,2011,8,16,,,,,,,,
855,428,TEJADA COVARRUBIAS SEBASTIAN,LERDO DE,c4rp08p,,,,pri,df,0,0,,2009,8,29,,,,,,,,,,,,,,
856,928,LAURA ANGELICA,HERNANDEZ LEDEZMA,c4rp08s,,,,pri,df,0,1,,,,,,,,,,,,,,,,,,
857,429,LETICIA,QUEZADA CONTRERAS,c4rp09p,,,,prd,df,0,0,,2009,8,29,,,,,,,,,,,,,,
858,929,LINDA GUADALUPE,ARCINIEGA ALVAREZ,c4rp09s,,,,prd,df,0,1,,,,,,,,,,,,,,,,,,
859,430,VICTOR HUGO,CIRIGO VASQUEZ,c4rp10p,,,,conve,df,0,0,,2009,8,29,,,,,,,,,,,,,,
860,930,FERNANDO,BELAUNZARAN MENDEZ,c4rp10s,,,,conve,df,0,1,,,,,,,,,,,,,,,,,,
861,431,IFIGENIA,MARTINEZ HERNANDEZ,c4rp11p,,,,pt,df,0,0,,2009,8,29,,,,,,,,,,,,,decana,
862,931,REY,HERNANDEZ GARCIA,c4rp11s,,,,pt,df,0,1,,,,,,,,,,,,,,,,,,
863,432,FRANCISCO,HERNANDEZ JUAREZ,c4rp12p,,,,prd,df,0,0,,2009,8,29,,,,,,,,,,,,,,
864,932,LUIS MARIANO,ANDALCO LOPEZ,c4rp12s,,,,prd,df,0,1,,,,,,,,,,,,,,,,,,
865,433,CLAUDIA,RUIZ MASSIEU SALINAS,c4rp13p,,,,pri,df,0,0,,2009,8,29,2012,1,18,,,,,,,,,,,
866,933,ERNESTO,GARCIA SARMIENTO,c4rp13s,,,,pri,df,0,1,,,,,,,,,,,,,,,,,,
867,434,TERESA DEL CARMEN,INCHAUSTEGUI ROMERO,c4rp14p,,,,prd,df,0,0,,2009,8,29,,,,,,,,,,,,,,
868,934,RUTH,CASTRO CORONA,c4rp14s,,,,prd,df,0,1,,,,,,,,,,,,,,,,,,
869,435,ARMANDO JESUS,BAEZ PINAL,c4rp15p,,,,pri,df,0,0,,2009,8,29,2012,3,22,2012,4,10,,,,,,,,
870,935,MARIA DEL ROSARIO ELENA,GUERRA DIAZ,c4rp15s,,,,pri,df,0,1,,,,,,,,,,,,,,,,,,
871,436,NINFA CLARA,SALINAS SADA,c4rp16p,,,,pvem,df,0,0,,2009,8,29,,,,,,,,,,,,,,
872,936,CESAR ANDRES,BUITRON GONZALEZ,c4rp16s,,,,pvem,df,0,1,,,,,,,,,,,,,,,,,,
873,437,MARCO ANTONIO,GARCIA AYALA,c4rp17p,,,,pri,df,0,0,,2009,8,29,,,,,,,,,,,,,,
874,937,ADELA,CEREZO BAUTISTA,c4rp17s,,,,pri,df,0,1,,,,,,,,,,,,,,,,,,
875,438,AGUSTIN CARLOS,CASTILLA MARROQUIN,c4rp18p,,,,pan,df,0,0,,2009,8,29,,,,,,,,,,,,,,
876,938,ROCIO,GOMEZ HERNANDEZ,c4rp18s,,,,pan,df,0,1,,,,,,,,,,,,,,,,,,
877,439,KENIA,LOPEZ RABADAN,c4rp19p,,,,pan,df,0,0,,2009,8,29,,,,,,,,,,,,,,
878,939,DELFINO,SALDAÑA HERNANDEZ,c4rp19s,,,,pan,df,0,1,,,,,,,,,,,,,,,,,,
879,440,PABLO,ESCUDERO MORALES,c4rp20p,,,,pvem,df,0,0,,2009,8,29,,,,,,,,,,,,,,
880,940,ALMA LUCIA,ARZALUZ ALONSO,c4rp20s,,,,pvem,df,0,1,,,,,,,,,,,,,,,,,,
881,441,SILVIA ESTHER,PEREZ CEBALLOS,c4rp21p,,,,pan,df,0,0,,2009,8,29,,,,,,,,,,,,,,
882,941,GASPAR,TAPIA ZARATE,c4rp21s,,,,pan,df,0,1,,,,,,,,,,,,,,,,,,
883,442,ROSARIO,BRINDIS ALVAREZ,c4rp22p,,,,pvem,df,0,0,,2009,8,29,,,,,,,,,,,,,,
884,942,FIERRO HARRY GERARDO,RODRIGUEZ BOTELLO,c4rp22s,,,,pvem,df,0,1,,,,,,,,,,,,,,,,,,
885,443,VALDEMAR,GUTIERREZ FRAGOSO,c4rp23p,,,,pan,df,0,0,,2009,8,29,,,,,,,,,,,,,,
886,943,DIGNA BERTHA,MARROQUIN CISNEROS,c4rp23s,,,,pan,df,0,1,,,,,,,,,,,,,,,,,,
887,444,PORFIRIO ALEJANDRO,MUÑOZ LEDO Y LAZO DE LA VEGA,c4rp24p,,,,pt,df,0,0,,2009,8,29,,,,,,,,,,,,,,
888,944,JUAN ALFONSO,VELASCO SALAZAR,c4rp24s,,,,pt,df,0,1,,,,,,,,,,,,,,,,,,
889,445,JORGE ANTONIO,KAHWAGI MACARI,c4rp25p,,,,panal,df,0,0,,2009,8,29,,,,,,,,,,,,,coord from 2/9/11 to 31/8/12,
890,945,DEYANIRA,GEORGGE PEREZ,c4rp25s,,,,panal,df,0,1,,,,,,,,,,,,,,,,,2/6/2012 renuncia a prd y pasa al pri,
891,446,KARLA DANIELLA,VILLARREAL BENASSINI,c4rp26p,,,,panal,df,0,0,,2009,8,29,2009,10,29,,,,,,,,,,,
892,946,GERARDO,DEL MAZO MORALES,c4rp26s,,,,panal,mex,0,1,,2009,10,29,,,,,,,,,,,,,,
893,447,PAZ,GUTIERREZ CORTINA,c4rp27p,,,,pan,df,0,0,,2009,8,29,,,,,,,,,,,,,,
894,947,JUAN PABLO,SAINZ MARTINEZ,c4rp27s,,,,pan,df,0,1,,,,,,,,,,,,,,,,,,
895,448,LAURA,ARIZMENDI CAMPOS,c4rp28p,,,,conve,gue,0,0,,2009,8,29,2012,4,27,,,,,,,,,,,
896,948,CLAUDIA,WALTON ALVAREZ,c4rp28s,,,,conve,gue,0,1,,,,,,,,,,,,,,,,,,
897,449,FILEMON,NAVARRO AGUILAR,c4rp29p,,,,prd,gue,0,0,,2009,8,29,2012,4,27,,,,,,,,,,,
898,949,ANTONINO,CAYETANO DIAZ,c4rp29s,,,,prd,gue,0,1,,,,,,,,,,,,,,,,,,
899,450,FLORENTINA,ROSARIO MORALES,c4rp30p,,,,prd,gue,0,0,,2009,8,29,,,,,,,,,,,,,,
900,950,CARMINA,TENANGO SALGADO,c4rp30s,,,,prd,gue,0,1,,,,,,,,,,,,,,,,,,
901,451,MIGUEL,ALVAREZ SANTAMARIA,c4rp31p,,,,pri,df,0,0,,2009,8,29,,,,,,,,,,,,,,
902,951,ELVIRA REBECA,ARENAS MARTINEZ,c4rp31s,,,,pri,gue,0,1,,,,,,,,,,,,,,,,,,
903,452,MARIO ALBERTO,BECERRA POCOROBA,c4rp32p,,,,pan,df,0,0,,2009,8,29,,,,,,,,,,,,,,
904,952,CARLOS ARTURO,MILLAN SANCHEZ,c4rp32s,,,,pan,gue,0,1,,,,,,,,,,,,,,,,,,
905,453,ILICH AUGUSTO,LOZANO HERRERA,c4rp33p,,,,prd,gue,0,0,,2009,8,29,2012,4,24,,,,,,,,,,,
906,953,ZEUS RAFAEL,MENDOZA FLORES,c4rp33s,,,,prd,gue,0,1,,,,,,,,,,,,,,,,,,
907,454,ANA LUZ,LOBATO RAMIREZ,c4rp34p,,,,prd,gue,0,0,,2009,8,29,,,,,,,,,,,,,2/6/2012 renuncia a prd y pasa al pri,
908,954,VIRGINIA,TREJO TRUJILLO,c4rp34s,,,,prd,gue,0,1,,,,,,,,,,,,,,,,,,
909,455,JESUS,GILES SANCHEZ,c4rp35p,,,,pan,mor,0,0,,2009,8,29,2012,4,15,,,,,,,,,,Fallece 15/4/2012,
910,955,FIDEL CHRISTIAN,RUBI HUICOCHEA,c4rp35s,,,,pan,mor,0,1,,2012,4,19,,,,,,,,,,,,,,
911,456,JAIME,ALVAREZ CISNEROS,c4rp36p,,,,conve,mor,0,0,,2009,8,29,,,,,,,,,,,,,,
912,956,GUILLERMO,GARDUÑO AGUILAR,c4rp36s,,,,conve,mor,0,1,,,,,,,,,,,,,,,,,,
913,457,AUGUSTA VALENTINA,DIAZ DE RIVERA HERNANDEZ,c4rp37p,,,,pan,pue,0,0,,2009,8,29,2012,4,25,,,,,,,,,,,
914,957,ANDRES,GARCIA OLIVARES,c4rp37s,,,,pan,pue,0,1,,,,,,,,,,,,,,,,,,
915,458,HERON AGUSTIN,ESCOBAR GARCIA,c4rp38p,,,,pt,sin,0,0,,2009,8,29,,,,,,,,,,,,,wrong (inocuous) dist num,
916,958,MARIANO,HERNANDEZ REYES,c4rp38s,,,,pt,sin,0,1,,,,,,,,,,,,,,,,,wrong (inocuous) dist num,
917,459,SERGIO,GONZALEZ HERNANDEZ,c4rp39p,,,,pan,tla,0,0,,2009,8,29,2010,1,5,2010,3,2,,,,,,,,
918,959,FANY,PEREZ GUTIERREZ,c4rp39s,,,,pan,tla,0,1,,2010,2,2,2010,2,28,,,,,,,,,,,
919,460,BEATRIZ,PAREDES RANGEL,c4rp40p,,,,pri,df,0,0,,2009,8,29,2012,1,25,,,,,,,,,,,
920,960,JAIME AGUILAR,ALVAREZ Y MAZARRASA,c4rp40s,,,,pri,tla,0,1,,,,,,,,,,,,,,,,,,
921,461,VICTOR HUMBERTO,BENITEZ TREVIÑO,c5rp01p,,,,pri,mex,0,0,,2009,8,29,,,,,,,,,,,,,,
922,961,AVELEYRA NORMA SILVIA,LOPEZ CANO,c5rp01s,,,,pri,mex,0,1,,,,,,,,,,,,,,,,,,
923,462,JUVENTINO VICTOR,CASTRO Y CASTRO,c5rp02p,,,,prd,df,0,0,,2009,8,29,2012,4,8,,,,,,,,,,falleció,
924,962,HILARIO EVERARDO,SANCHEZ CORTES,c5rp02s,,,,prd,mex,0,1,,,,,,,,,,,,,,,,,,
925,463,OSCAR,GONZALEZ YAÑEZ,c5rp03p,,,,pt,mex,0,0,,2009,8,29,2012,4,24,2011,4,27,2012,4,24,,,,suplente no juró,
926,963,MARTIN,PALACIOS CALDERON,c5rp03s,,,,pt,mex,0,1,,,,,,,,,,,,,,,,,no juró,
927,464,LUIS,VIDEGARAY CASO,c5rp04p,,,,pri,mex,0,0,,2009,8,29,2011,3,29,,,,,,,,,,,
928,964,SILVIA,FERNANDEZ MARTINEZ,c5rp04s,,,,pri,mex,0,1,,2011,3,29,,,,,,,,,,,,,,
929,465,MARICELA,SERRANO HERNANDEZ,c5rp05p,,,,pri,mex,0,0,,2009,8,29,2012,4,10,2012,4,24,2012,4,30,,,,,
930,965,ORLANDO,ARVIZU LARA,c5rp05s,,,,pri,mex,0,1,,,,,,,,,,,,,,,,,,
931,466,ANDRES,MASSIEU FERNANDEZ,c5rp06p,,,,pri,df ,0,0,,2009,8,29,2012,4,10,,,,,,,,,,,
932,966,IMELDA,MELGAREJO FUKUTAKE,c5rp06s,,,,pri,mex,0,1,,,,,,,,,,,,,,,,,,
933,467,CAROLINA,GARCIA CAÑON,c5rp07p,,,,pvem,df,0,0,,2009,8,29,2009,12,22,,,,,,,,,,juanita,
934,967,ALEJANDRO,DEL MAZO MAZA,c5rp07s,,,,pvem,mex,0,1,,2009,9,3,,,,,,,,,,,,,,
935,468,TERESA GUADALUPE,REYES SAHAGUN,c5rp08p,,,,pt,df,0,0,,2009,8,29,,,,,,,,,,,,,,
936,968,MARIA ELENA,GONZALEZ CAMACHO,c5rp08s,,,,pt,mex,0,1,,,,,,,,,,,,,,,,,,
937,469,MARIA ELENA,PEREZ DE TEJADA ROMERO,c5rp09p,,,,pan,mex,0,0,,2009,8,29,,,,,,,,,,,,,,
938,969,JACOBO,MORALES NAJERA,c5rp09s,,,,pan,mex,0,1,,,,,,,,,,,,,,,,,,
939,470,GUADALUPE,ACOSTA NARANJO,c5rp10p,,,,prd,nay,0,0,,2009,8,29,2011,1,9,2011,8,24,,,,,,,,
940,970,LUCIANO,CORNEJO BARRERA,c5rp10s,,,,prd,hgo,0,1,,2011,2,1,2011,8,23,,,,,,,,,,,
941,471,FELICIANO ROSENDO,MARIN DIAZ,c5rp11p,,,,prd,mex,0,0,,2009,8,29,,,,,,,,,,,,,,
942,971,JOSE DEL CARMEN,ENRIQUEZ ROSADO,c5rp11s,,,,prd,mex,0,1,,,,,,,,,,,,,,,,,,
943,472,LIZBETH,GARCIA CORONADO,c5rp12p,,,,prd,mex,0,0,,2009,8,29,2012,4,25,,,,,,,,,,,
944,972,MARIA DIANA,MENDEZ AGUILAR,c5rp12s,,,,prd,mex,0,1,,,,,,,,,,,,,,,,,,
945,473,MARTHA ANGELICA,BERNARDINO ROJAS,c5rp13p,,,,prd,mex,0,0,,2009,8,29,,,,,,,,,,,,,,
946,973,MARIA TERESA,ALVAREZ VAZQUEZ,c5rp13s,,,,prd,mex,0,1,,,,,,,,,,,,,,,,,,
947,474,JOSE RAMON,MARTEL LOPEZ,c5rp14p,,,,pri,mex,0,0,,2009,8,29,,,,,,,,,,,,,,
948,974,JUDITH ARACELY,GOMEZ MOLANO,c5rp14s,,,,pri,mex,0,1,,,,,,,,,,,,,,,,,,
949,475,ALEJANDRO,GERTZ MANERO,c5rp15p,,,,conve,df,0,0,,2009,8,29,,,,,,,,,,,,,,
950,975,PAULINO GERARDO,TAPIA LATISNERE,c5rp15s,,,,conve,mex,0,1,,,,,,,,,,,,,,,,,,
951,476,ALVARO RAYMUNDO,VARGAS SAENZ,c5rp16p,,,,pvem,mex,0,0,,2009,8,29,2009,12,22,,,,,,,,,,,
952,976,CARITINA,SAENZ VARGAS,c5rp16s,,,,pvem,mex,0,1,,2009,9,3,,,,,,,,,,,,,,
953,477,JOSE FRANCISCO JAVIER,LANDERO GUTIERREZ,c5rp17p,,,,pan,mex,0,0,,2009,8,29,,,,,,,,,,,,,,
954,977,GUADALUPE,MONDRAGON COBOS,c5rp17s,,,,pan,mex,0,1,,,,,,,,,,,,,,,,,,
955,478,ADRIANA DE LOURDES,HINOJOSA CESPEDES,c5rp18p,,,,pan,mex,0,0,,2009,8,29,,,,,,,,,,,,,,
956,978,JORGE ALBERTO,MURO ORTIZ,c5rp18s,,,,pan,mex,0,1,,,,,,,,,,,,,,,,,,
957,479,MA. TERESA ROSAURA,OCHOA MEJIA,c5rp19p,,,,conve,mex,0,0,,2009,8,29,2011,4,1,2011,4,13,,,,,,,Mesa dir 1; suplente no juró,
958,979,ZULEYMA,HUIDOBRO GONZALEZ,c5rp19s,,,,conve,mex,0,1,,,,,,,,,,,,,,,,,no juró,
959,480,JAIME ARTURO,VAZQUEZ AGUILAR,c5rp20p,,,,panal,df,0,0,,2009,8,29,,,,,,,,,,,,,"Electo panal, renunció 23 sep 2010 (El universal); mesa dir 1",
960,980,SARBELIO AUGUSTO,MOLINA VELEZ,c5rp20s,,,,panal,mex,0,1,,,,,,,,,,,,,,,,,Su propietario renunció al panal para evitar licencia,
961,481,CARLOS ALBERTO,PEREZ CUEVAS,c5rp21p,,,,pan,mex,0,0,,2009,8,29,,,,,,,,,,,,,coord from 24-4-12 to 31/8/12,
962,981,ANA MARIA,ZAFRA ALVARADO,c5rp21s,,,,pan,mex,0,1,,,,,,,,,,,,,,,,,,
963,482,MARIA DEL PILAR,TORRE CANALES,c5rp22p,,,,panal,ver,0,0,,2009,8,29,,,,,,,,,,,,,,
964,982,GABRIEL,ROMERO VAZQUEZ,c5rp22s,,,,panal,mex,0,1,,,,,,,,,,,,,,,,,,
965,483,INDIRA,VIZCAINO SILVA,c5rp23p,,,,prd,col,0,0,,2009,8,29,,,,,,,,,,,,,,
966,983,PRISCILA,LOPEZ MEJIA,c5rp23s,,,,prd,col,0,1,,,,,,,,,,,,,,,,,,
967,484,HILDA,CEBALLOS LLERENAS,c5rp24p,,,,pri,col,0,0,,2009,8,29,,,,,,,,,,,,,,
968,984,MARIANO,RUIZ ZUBIETA,c5rp24s,,,,pri,col,0,1,,,,,,,,,,,,,,,,,,
969,485,YULENNY GUYLAINE,CORTES LEON,c5rp25p,,,,pan,col,0,0,,2009,8,29,,,,,,,,,,,,,,
970,985,JESUS ALBERTO,PARTIDA VALENCIA,c5rp25s,,,,pan,col,0,1,,,,,,,,,,,,,,,,,,
971,486,PEDRO,PERALTA RIVAS,c5rp26p,,,,pan,col,0,0,,2009,8,29,,,,,,,,,,,,,,
972,986,AMALIA,CASTELL IBAÑEZ,c5rp26s,,,,pan,col,0,1,,,,,,,,,,,,,,,,,,
973,487,CANEK,VAZQUEZ GONGORA,c5rp27p,,,,pri,hgo,0,0,,2009,8,29,,,,,,,,,,,,,,
974,987,BEATRIZ,CERVANTES MANDUJANO,c5rp27s,,,,pri,mex,0,1,,,,,,,,,,,,,,,,,,
975,488,PAULA ANGELICA,HERNANDEZ OLMOS,c5rp28p,,,,pri,hgo,0,0,,2009,8,29,,,,,,,,,,,,,,
976,988,ONESIMO,SERRANO GONZALEZ,c5rp28s,,,,pri,hgo,0,1,,,,,,,,,,,,,,,,,,
977,489,GLORIA,ROMERO LEON,c5rp29p,,,,pan,hgo,0,0,,2009,8,29,2011,4,26,2011,7,20,,,,,,,,
978,989,ESCOBAR HORACIO,RAMIREZ REYES,c5rp29s,,,,pan,df,0,1,,2011,7,20,,,,,,,,,,,,,,
979,490,JUAN JOSE,GUERRA ABUD,c5rp30p,,,,pvem,mex,0,0,,2009,8,29,,,,,,,,,,,,,coord,
980,990,MISAEL,SANCHEZ SANCHEZ,c5rp30s,,,,pvem,mex,0,1,,,,,,,,,,,,,,,,,,
981,491,ARMANDO,NEYRA CHAVEZ,c5rp31p,,,,pri,mex,0,0,,2009,8,29,,,,,,,,,,,,,,
982,991,MAYRA,ESPINO SUAREZ,c5rp31s,,,,pri,mex,0,1,,,,,,,,,,,,,,,,,,
983,492,FRANCISCO JOSE,ROJAS GUTIERREZ,c5rp32p,,,,pri,df,0,0,,2009,8,29,,,,,,,,,,,,,coord,
984,992,MARIA DE LAS MERCEDES MARTHA,JUAN LOPEZ,c5rp32s,,,,pri,mex,0,1,,,,,,,,,,,,,,,,,,
985,493,CARLOS,TORRES PIÑA,c5rp33p,,,,prd,mic,0,0,,2009,8,29,2011,3,8,,,,,,,,,,,
986,993,PAVEL,DIAZ JUAREZ,c5rp33s,,,,prd,mic,0,1,,2011,3,10,,,,,,,,,,,,,,
987,494,DOLORES DE LOS ANGELES,NAZARES JERONIMO,c5rp34p,,,,prd,mic,0,0,,2009,8,29,,,,,,,,,,,,,,
988,994,KARLA PATRICIA,FRAUSTO VAZQUEZ,c5rp34s,,,,prd,mic,0,1,,,,,,,,,,,,,,,,,,
989,495,BENIGNO,QUEZADA NARANJO,c5rp35p,,,,pan,mic,0,0,,2009,8,29,,,,,,,,,,,,,,
990,995,TERESITA DE JESUS,HERRERA MALDONADO,c5rp35s,,,,pan,mic,0,1,,,,,,,,,,,,,,,,,,
991,496,AGUSTIN,TORRES IBARROLA,c5rp36p,,,,pan,mic,0,0,,2009,8,29,,,,,,,,,,,,,,
992,996,DORAMITZI,GONZALEZ HERNANDEZ,c5rp36s,,,,pan,mic,0,1,,,,,,,,,,,,,,,,,,
993,497,JOSE MANUEL,HINOJOSA PEREZ,c5rp37p,,,,pan,mic,0,0,,2009,8,29,,,,,,,,,,,,,,
994,997,MARIA ELENA,MEDINA CASTRO,c5rp37s,,,,pan,mic,0,1,,,,,,,,,,,,,,,,,,
995,498,JULIO,CASTELLANOS RAMIREZ,c5rp38p,,,,pan,mic,0,0,,2009,8,29,,,,,,,,,,,,,,
996,998,MARIANA,GUDIÑO PAREDES,c5rp38s,,,,pan,mic,0,1,,,,,,,,,,,,,,,,,,
997,499,JENY,DE LOS REYES AGUILAR,c5rp39p,,,,pri,mic,0,0,,2009,8,29,2010,8,14,,,,,,,,,,falleció,
998,999,FERNANDO,ESPINO AREVALO,c5rp39s,,,,pri,df,0,1,,2010,9,7,,,,,,,,,,,,,,
999,500,JOSE LUIS,JAIME CORREA,c5rp40p,,,,prd,mex,0,0,,2009,8,29,,,,,,,,,,,,,,
1000,1000,PEDRO,ALONSO PEREZ,c5rp40s,,,,prd,mex,0,1,,,,,,,,,,,,,,,,,,
1001,1001,EDUARDO,LEDESMA ROMO,c1rp41p,,,,pvem,bc,0,0,,2010,2,9,,,,,,,,,,,,,siguiente en lista para sustituir a suplente de Laura Ledesma,
1002,1002,FLORES MARIANO,SAN ROMAN,c1rp41s,,,,pvem,bc,0,1,,,,,,,,,,,,,,,,,,
1003,1003,EMMA MARGARITA ,ALEMAN OLVERA,c5rp41p,,,,pan,mex,0,0,,,,,,,,,,,,,,,,,"siguiente en lista para sustituir a JVM, no aceptó el puesto",
1004,1004,HUGO LINO ,SANCHEZ MIRANDA,c5rp41s,,,,pan,mex,0,1,,2012,3,27,,,,,,,,,,,,,,
1005,1005,YOLANDA EUGENIA,GONZALEZ HERNANDEZ,c3rp41p,,,,pri,coa,0,0,,2012,4,17,,,,,,,,,,,,,siguiente en lista para sustituir a Nazar c3rp,
1006,1006,FERNANDO,ORTIZ PROAL,c3rp41p,,,,pri,coa,0,0,,,,,,,,,,,,,,,,,,
