Cartas de intención remitidas a la Cámara de Diputados para participar en el Proceso Electoral Federal 2023-2024 en elección consecutiva,,,,,,,
https://eleccionconsecutiva2023-2024.diputados.gob.mx/contendientes 25ene2024,,,,,,,
n,nom,part,edo,disn.circn,tipo,fecha,En funciones
1,Abramo Masso Yerico,PRI,Coahuila,4,Mayoría relativa,09 de noviembre del 2023,En funciones
2,Aceves García Norma Angélica,PRI,Hidalgo,5a.,Representación proporcional,14 de noviembre del 2023,En funciones
3,Acosta Peña Brasil Alberto,PRI,México,5a.,Representación proporcional,14 de noviembre del 2023,En funciones
4,Adams Pereyra Olga Zulema,MC,Baja California,1a.,Representación proporcional,09 de noviembre del 2023,En funciones
5,Aguado Romero Paulina,PAN,Querétaro,2a.,Representación proporcional,15 de noviembre del 2023,En funciones
6,Aguilar Castillo Ricardo,PRI,México,5a.,Representación proporcional,09 de noviembre del 2023,En funciones
7,Aguilar Cifuentes Yeimi Yazmín,PRI,Chiapas,5,Mayoría relativa,09 de noviembre del 2023,En funciones
8,Aguilar Coronado Marco Humberto,PAN,Puebla,10,Mayoría relativa,15 de noviembre del 2023,En funciones
9,Aguilar Gil Lilia,PT,Chihuahua,3,Mayoría relativa,15 de noviembre del 2023,En funciones
10,Aguilar López José Alejandro,PT,Tlaxcala,1,Mayoría relativa,14 de noviembre del 2023,En funciones
11,Aguilar Piña Kevin Angelo,PVEM,San Luis Potosí,3,Mayoría relativa,07 de noviembre del 2023,En funciones
12,Aguirre Maldonado Ma. De Jesús,PRI,Nuevo León,8,Mayoría relativa,14 de noviembre del 2023,En funciones
13,Alcalá Izguerra María José,PVEM,Querétaro,2a.,Representación proporcional,07 de noviembre del 2023,En funciones
14,Alcalá Ruiz Blanca Maria del Socorro,PRI,Puebla,4a.,Representación proporcional,14 de noviembre del 2023,En funciones
15,Alcántar Ortega Salvador,PAN,Chihuahua,5,Mayoría relativa,15 de noviembre del 2023,En funciones
16,Alcántara Martínez Leobardo,PT,Sinaloa,1,Mayoría relativa,14 de noviembre del 2023,En funciones
17,Alcantara Rojas Maria Guadalupe,PRI,Ciudad de México,4a.,Representación proporcional,08 de noviembre del 2023,En funciones
18,Alfaro Morales Maria Isabel,MORENA,Hidalgo,4,Mayoría relativa,03 de noviembre del 2023,En funciones
19,Almaraz Smer Oscar de Jesús,PAN,Tamaulipas,5,Mayoría relativa,15 de noviembre del 2023,En funciones
20,Almazán Burgos Karla Yuritzi,MORENA,México,38,Mayoría relativa,03 de noviembre del 2023,En funciones
21,Almazán Muñoz Odette Nayeri,MORENA,Puebla,8,Mayoría relativa,16 de noviembre del 2023,En funciones
22,Alvarado Murguía Rosa Maria,MORENA,Veracruz,3a.,Representación proporcional,31 de octubre del 2023,En funciones
23,Álvarez Hernández Daniela Soraya,PAN,Chihuahua,4,Mayoría relativa,15 de noviembre del 2023,En funciones
24,Álvarez Solis Maria Asención,MC,Jalisco,12,Mayoría relativa,10 de noviembre del 2023,En funciones
25,Ambrocio Gachuz José Guadalupe,MORENA,Morelos,5,Mayoría relativa,01 de noviembre del 2023,En funciones
26,Amezcua González Cristina,PRI,Coahuila,3,Mayoría relativa,08 de noviembre del 2023,En funciones
27,Anaya Gutiérrez Alberto,PT,Nuevo León,2a.,Representación proporcional,15 de noviembre del 2023,En funciones
28,Andazola Gómez Socorro Irma,MORENA,Baja California,4,Mayoría relativa,18 de octubre del 2023,En funciones
29,Angulo Briceño Pablo Guillermo,PRI,Campeche,3a.,Representación proporcional,16 de noviembre del 2023,En funciones
30,Antonio Altamirano Carol,MORENA,Oaxaca,5,Mayoría relativa,18 de octubre del 2023,En funciones
31,Aranda Orozco Ana Teresa,PAN,Puebla,9,Mayoría relativa,15 de noviembre del 2023,En funciones
32,Arcos Velázquez Montserrat Alicia,PRI,Tamaulipas,2a.,Representación proporcional,14 de noviembre del 2023,En funciones
33,Arellano Reyes Martha Nabetse,MORENA,Sinaloa,1a.,Representación proporcional,30 de octubre del 2023,En funciones
34,Armendariz Puppo Marco Antonio,PAN,Baja California Sur,1,Mayoría relativa,15 de noviembre del 2023,En funciones
35,Arreola Martinez Martha Alicia,MORENA,Durango,3,Mayoría relativa,27 de octubre del 2023,En funciones
36,Arriaga Rojas Justino Eugenio,MORENA,Guanajuato,8,Mayoría relativa,26 de octubre del 2023,Licencia
37,Atanacio Luna Raymundo,MORENA,Puebla,7,Mayoría relativa,17 de noviembre del 2023,En funciones
38,Avila Flores Claudia Selene,MORENA,Ciudad de México,4a.,Representación proporcional,14 de noviembre del 2023,En funciones
39,Ayala Leyva Ana Elizabeth,MORENA,Sinaloa,2,Mayoría relativa,08 de noviembre del 2023,En funciones
40,Ayala Villalobos Karla,PRI,Ciudad de México,5,Mayoría relativa,10 de noviembre del 2023,En funciones
41,Azar Figueroa Anuar Roberto,PAN,México,5a.,Representación proporcional,15 de noviembre del 2023,En funciones
42,Azuara Yarzábal Frinné,PRI,San Luis Potosí,2a.,Representación proporcional,08 de noviembre del 2023,En funciones
43,Azuara Zúñiga Xavier,PAN,San Luis Potosí,2a.,Representación proporcional,15 de noviembre del 2023,En funciones
44,Báez Guerrero José Luis,PAN,Querétaro,2a.,Representación proporcional,15 de noviembre del 2023,En funciones
45,Baldenebro Arredondo Manuel de Jesus,MORENA,Sonora,1,Mayoría relativa,06 de noviembre del 2023,En funciones
46,Balderas Hernández Itzel Josefina,PAN,Guanajuato,15,Mayoría relativa,15 de noviembre del 2023,En funciones
47,Balderas Trejo Ana María,PAN,México,14,Mayoría relativa,15 de noviembre del 2023,En funciones
48,Baltierra García Jaime,PT,Puebla,5,Mayoría relativa,14 de noviembre del 2023,En funciones
49,Banquells Núñez María Del Rocío,MC,Ciudad de México,14,Mayoría relativa,18 de noviembre del 2023,En funciones
50,Barajas García Martha,MORENA,San Luis Potosí,2a.,Representación proporcional,20 de octubre del 2023,En funciones
51,Barboza Llamas Maximiano,MORENA,Jalisco,1a.,Representación proporcional,30 de octubre del 2023,En funciones
52,Bargagli Sandoval Christopher,MORENA,Morelos,4a.,Representación proporcional,17 de noviembre del 2023,Licencia
53,Barrera Fortoul Laura,PRI,México,5a.,Representación proporcional,09 de noviembre del 2023,En funciones
54,Barrera Puc Rocío Natalí,MORENA,Yucatán,3a.,Representación proporcional,14 de noviembre del 2023,En funciones
55,Barrera Sepúlveda Sergio,MC,Jalisco,13,Mayoría relativa,07 de noviembre del 2023,En funciones
56,Barrera Toledo Jorge Alberto,MORENA,Morelos,1,Mayoría relativa,15 de noviembre del 2023,En funciones
57,Barrón Perales Karina Marlen,PRI,Nuevo León,10,Mayoría relativa,13 de noviembre del 2023,En funciones
58,Batun Chulim Wilbert Alberto,MORENA,Quintana Roo,3,Mayoría relativa,07 de noviembre del 2023,En funciones
59,Bautista Bravo Juan Angel,MORENA,México,31,Mayoría relativa,16 de noviembre del 2023,En funciones
60,Bautista Hernández Esteban,MORENA,Veracruz,20,Mayoría relativa,17 de noviembre del 2023,En funciones
61,Bautista Pelaéz Maria del Carmen,MORENA,Oaxaca,9,Mayoría relativa,25 de octubre del 2023,En funciones
62,Beauregard Martínez Carolina,PAN,Puebla,11,Mayoría relativa,15 de noviembre del 2023,En funciones
63,Becerra Moreno Monica,PAN,Aguascalientes,2,Mayoría relativa,15 de noviembre del 2023,En funciones
64,Bernal Bolnik Sue Ellen,PRI,México,41,Mayoría relativa,14 de noviembre del 2023,En funciones
65,Bernal Camarena Ana Laura,PT,Sonora,2,Mayoría relativa,15 de noviembre del 2023,En funciones
66,Bernal Martínez Mary Carmen,PT,Michoacán,3,Mayoría relativa,15 de noviembre del 2023,En funciones
67,Bertín Sandoval Juan Isaías,MORENA,Baja California,7,Mayoría relativa,17 de octubre del 2023,En funciones
68,Blancas Mercado Bruno,MORENA,Jalisco,5,Mayoría relativa,01 de noviembre del 2023,En funciones
69,Bolio Pinelo Kathia Maria,PAN,Yucatán,3a.,Representación proporcional,15 de noviembre del 2023,En funciones
70,Borrego Adame Francisco Javier,MORENA,Coahuila,2,Mayoría relativa,18 de octubre del 2023,En funciones
71,Briano Borunda Jesús Roberto,MORENA,Chihuahua,1a.,Representación proporcional,18 de octubre del 2023,En funciones
72,Brito Mazariegos Ismael,MORENA,Chiapas,8,Mayoría relativa,08 de noviembre del 2023,En funciones
73,Bueno Zertuche Jaime,PRI,Coahuila,7,Mayoría relativa,09 de noviembre del 2023,En funciones
74,Buenrostro Martínez José Guadalupe,PVEM,Jalisco,17,Mayoría relativa,07 de noviembre del 2023,En funciones
75,Bugarin Jasmine María,PVEM,Nayarit,2,Mayoría relativa,07 de noviembre del 2023,En funciones
76,Bustamante Castellanos Adriana,MORENA,Chiapas,9,Mayoría relativa,31 de octubre del 2023,En funciones
77,Cabada Alvidrez Hector Armando,MORENA,Chihuahua,1a.,Representación proporcional,17 de noviembre del 2023,En funciones
78,Camacho Reynoso Martha Azucena,MORENA,México,23,Mayoría relativa,31 de octubre del 2023,En funciones
79,Camarena Jáuregui María del Refugio,PRI,Jalisco,20,Mayoría relativa,09 de noviembre del 2023,En funciones
80,Campos Huirache Adriana,PRI,Michoacán,7,Mayoría relativa,15 de noviembre del 2023,En funciones
81,Campuzano González Gina Gerardina,PAN,Durango,4,Mayoría relativa,15 de noviembre del 2023,En funciones
82,Candelario Figueroa Luz Adriana,MORENA,Jalisco,19,Mayoría relativa,03 de noviembre del 2023,En funciones
83,Cano González Susana,MORENA,México,5a.,Representación proporcional,30 de octubre del 2023,En funciones
84,Cantón Zetina Óscar,MORENA,Tabasco,3a.,Representación proporcional,19 de noviembre del 2023,En funciones
85,Cantú Ramírez Andrés Mauricio,PRI,Nuevo León,2,Mayoría relativa,14 de noviembre del 2023,En funciones
86,Cárdenas Monroy Oscar Gustavo,PRI,México,3,Mayoría relativa,15 de noviembre del 2023,En funciones
87,Caro Cabrera Salvador,MC,Jalisco,1a.,Representación proporcional,17 de noviembre del 2023,En funciones
88,Carrazco Macias Olegaria,MORENA,Sinaloa,6,Mayoría relativa,31 de octubre del 2023,En funciones
89,Carrillo Cubillas Mario Miguel,MORENA,Puebla,13,Mayoría relativa,30 de octubre del 2023,En funciones
90,Carrillo Soberanis Juan Luis,PVEM,Quintana Roo,1,Mayoría relativa,07 de noviembre del 2023,En funciones
91,Carvajal Hidalgo Alejandro,MORENA,Puebla,6,Mayoría relativa,16 de noviembre del 2023,En funciones
92,Carvajal Isunza Sofia,PRI,Guanajuato,2a.,Representación proporcional,10 de noviembre del 2023,En funciones
93,Casique Zárate Javier,PRI,México,5a.,Representación proporcional,10 de noviembre del 2023,En funciones
94,Castañeda González Omar Enrique,MC,Durango,2,Mayoría relativa,15 de noviembre del 2023,En funciones
95,Castañeda Navarrete Marcelino,PRD,Ciudad de México,18,Mayoría relativa,15 de noviembre del 2023,En funciones
96,Castell de Oro Palacios María Teresa,PAN,México,34,Mayoría relativa,15 de noviembre del 2023,En funciones
97,Castellanos Polanco Favio,MORENA,Guanajuato,2a.,Representación proporcional,16 de noviembre del 2023,En funciones
98,Castellanos Ramírez Alan,PRI,México,39,Mayoría relativa,14 de noviembre del 2023,En funciones
99,Castillo Olivares Héctor Israel,PAN,Nuevo León,1,Mayoría relativa,15 de noviembre del 2023,En funciones
100,Castillo Secundino Celestina,MORENA,México,5a.,Representación proporcional,17 de noviembre del 2023,En funciones
101,Castrejón Trujillo Karen,PVEM,México,5a.,Representación proporcional,07 de noviembre del 2023,En funciones
102,Castrellón Garza Francisco Javier,PAN,Durango,1,Mayoría relativa,15 de noviembre del 2023,En funciones
103,Celestino Rosas Araceli,PT,Puebla,15,Mayoría relativa,14 de noviembre del 2023,En funciones
104,Chalé Cauich Sergio Enrrique,PAN,Yucatán,1,Mayoría relativa,15 de noviembre del 2023,En funciones
105,Chapman Moreno Manuel Guillermo,MORENA,Sinaloa,1a.,Representación proporcional,17 de noviembre del 2023,En funciones
106,Chávez Flores María Macarena,PRD,Michoacán,11,Mayoría relativa,15 de noviembre del 2023,En funciones
107,Chávez Pérez María Leticia,MC,Jalisco,14,Mayoría relativa,09 de noviembre del 2023,En funciones
108,Chavez Rojas Olga Leticia,MORENA,Nuevo León,2a.,Representación proporcional,26 de octubre del 2023,En funciones
109,Chávez Ruiz Héctor,PRD,Hidalgo,5a.,Representación proporcional,15 de noviembre del 2023,En funciones
110,Chávez Treviño Andrea,MORENA,Chihuahua,1a.,Representación proporcional,10 de noviembre del 2023,En funciones
111,Chavira De La Rosa María Guadalupe,MORENA,Ciudad de México,9,Mayoría relativa,01 de noviembre del 2023,En funciones
112,Cifuentes Negrete Román,PAN,Guanajuato,2a.,Representación proporcional,15 de noviembre del 2023,En funciones
113,Cisneros Luján Angélica Ivonne,MORENA,Veracruz,3a.,Representación proporcional,17 de noviembre del 2023,En funciones
114,Collado Crisolia Veronica,MORENA,México,5a.,Representación proporcional,25 de octubre del 2023,En funciones
115,Compeán Fernández Eliseo,PAN,Chihuahua,1a.,Representación proporcional,15 de noviembre del 2023,En funciones
116,Contreras Castillo Armando,MORENA,Oaxaca,3a.,Representación proporcional,17 de noviembre del 2023,En funciones
117,Contreras Duarte Laura Patricia,PAN,Chihuahua,6,Mayoría relativa,15 de noviembre del 2023,En funciones
118,Contreras García Janicie,MORENA,Tabasco,5,Mayoría relativa,08 de noviembre del 2023,En funciones
119,Cordero González Wendy Maricela,PAN,Nuevo León,3,Mayoría relativa,15 de noviembre del 2023,En funciones
120,Corona Nakamura María del Rocío,PVEM,Jalisco,9,Mayoría relativa,07 de noviembre del 2023,En funciones
121,Coutiño Gutiérrez Leonor,MORENA,Chiapas,3a.,Representación proporcional,17 de noviembre del 2023,En funciones
122,Cruz Mendoza Eufrosina,PRI,Oaxaca,3a.,Representación proporcional,14 de noviembre del 2023,En funciones
123,Cruz Peláez Fatima Almendra,PVEM,Puebla,2,Mayoría relativa,07 de noviembre del 2023,En funciones
124,Cruz Santos Flora Tania,MORENA,Veracruz,11,Mayoría relativa,03 de noviembre del 2023,En funciones
125,Curiel Aldaz María del Carmen,MORENA,Jalisco,16,Mayoría relativa,19 de noviembre del 2023,Licencia
126,Dávila Ramírez Carolina,PRI,Zacatecas,4,Mayoría relativa,10 de noviembre del 2023,En funciones
127,De la Cruz Lima José Miguel,MORENA,México,5a.,Representación proporcional,18 de octubre del 2023,En funciones
128,Del Castillo Ibarra Erika Vanessa,MORENA,Ciudad de México,1,Mayoría relativa,31 de octubre del 2023,En funciones
129,Delgado Ventura Pablo Gil,MC,San Luis Potosí,2a.,Representación proporcional,17 de noviembre del 2023,En funciones
130,Diaz Acevedo Edna Gisel,PRD,México,5a.,Representación proporcional,16 de noviembre del 2023,En funciones
131,Díaz García Karla Estrella,MORENA,Nuevo León,2a.,Representación proporcional,23 de octubre del 2023,En funciones
132,Díaz Tejeda Nelida Ivonne Sabrina,PRI,Nayarit,1a.,Representación proporcional,08 de noviembre del 2023,En funciones
133,Diaz Vilchis Catalina,MORENA,México,5a.,Representación proporcional,16 de noviembre del 2023,En funciones
134,Díaz Villalón Erika de los Ángeles,PAN,Querétaro,5,Mayoría relativa,15 de noviembre del 2023,En funciones
135,Domínguez Escobar Ángel,MORENA,Oaxaca,1,Mayoría relativa,17 de noviembre del 2023,En funciones
136,Domínguez Flores Rosalinda,MORENA,Oaxaca,3a.,Representación proporcional,16 de noviembre del 2023,En funciones
137,Domínguez Rodríguez Roberto Ángel,MORENA,México,28,Mayoría relativa,17 de noviembre del 2023,En funciones
138,Domínguez Zopiyactle Itzel Aleli,PVEM,Veracruz,18,Mayoría relativa,07 de noviembre del 2023,En funciones
139,Durán Ruiz Félix,MORENA,Nayarit,1,Mayoría relativa,25 de octubre del 2023,En funciones
140,Elizondo Guerra Olga Juliana,MORENA,Tamaulipas,2,Mayoría relativa,30 de octubre del 2023,En funciones
141,Elorza Flores José Luis,MORENA,Chiapas,12,Mayoría relativa,01 de noviembre del 2023,En funciones
142,Enríquez Ibañez Yolotl Fernanda,MORENA,México,5a.,Representación proporcional,31 de octubre del 2023,En funciones
143,Escudero Fabre María del Carmen,PAN,Veracruz,3a.,Representación proporcional,15 de noviembre del 2023,En funciones
144,Espadas Galván Jorge Arturo,PAN,Guanajuato,11,Mayoría relativa,15 de noviembre del 2023,En funciones
145,Espinosa Cházaro Luis Ángel Xariel,PRD,Ciudad de México,4a.,Representación proporcional,15 de noviembre del 2023,Licencia
146,Espinosa Morales Olga Luz,PRD,Chiapas,3a.,Representación proporcional,14 de noviembre del 2023,En funciones
147,Espinosa Ramos Francisco Amadeo,PT,Chiapas,3a.,Representación proporcional,15 de noviembre del 2023,En funciones
148,Espinoza Eguia Juan Francisco,PRI,Nuevo León,9,Mayoría relativa,10 de noviembre del 2023,En funciones
149,Espinoza Lopez Brenda,MORENA,Morelos,4,Mayoría relativa,17 de noviembre del 2023,En funciones
150,Esquivel Arrona Ana Maria,PAN,Guanajuato,6,Mayoría relativa,15 de noviembre del 2023,Licencia
151,Esquivel Nava María Magdalena Olivia,MORENA,Ciudad de México,4a.,Representación proporcional,31 de octubre del 2023,En funciones
152,Estefan Gillessen José Antonio,PVEM,Oaxaca,7,Mayoría relativa,07 de noviembre del 2023,En funciones
153,Favela Peñuñuri Francisco,PT,México,5,Mayoría relativa,14 de noviembre del 2023,En funciones
154,Felipe Torres Joanna Alejandra,PAN,México,7,Mayoría relativa,15 de noviembre del 2023,En funciones
155,Femat Bañuelos Alfredo,PT,Zacatecas,3,Mayoría relativa,14 de noviembre del 2023,En funciones
156,Fernández Cruz Nayeli Arlen,PVEM,Ciudad de México,4a.,Representación proporcional,07 de noviembre del 2023,En funciones
157,Fernández Noroña José Gerardo Rodolfo,PT,Ciudad de México,4,Mayoría relativa,15 de noviembre del 2023,En funciones
158,Fernández Piña Laura Lynn,PRD,Quintana Roo,4,Mayoría relativa,15 de noviembre del 2023,En funciones
159,Fernández Sigala Eduardo,PAN,Chihuahua,1a.,Representación proporcional,15 de noviembre del 2023,Licencia
160,Fletes Araiza José Guadalupe,PRI,Jalisco,18,Mayoría relativa,09 de noviembre del 2023,En funciones
161,Flores Sánchez Marco Antonio,MORENA,Zacatecas,2a.,Representación proporcional,10 de noviembre del 2023,En funciones
162,Fuentes Ávila Rodrigo,PRI,Coahuila,2a.,Representación proporcional,14 de noviembre del 2023,En funciones
163,Galarza Castro Yesenia,PAN,Guerrero,4a.,Representación proporcional,15 de noviembre del 2023,En funciones
164,Gallardo García Fausto,PVEM,Baja California,8,Mayoría relativa,07 de noviembre del 2023,En funciones
165,Gamboa Miner Pablo,PRI,Yucatán,3a.,Representación proporcional,10 de noviembre del 2023,En funciones
166,Gamboa Torales María Josefina,PAN,Veracruz,12,Mayoría relativa,15 de noviembre del 2023,En funciones
167,Garay Loredo Irma Yordana,PT,Tlaxcala,2,Mayoría relativa,15 de noviembre del 2023,En funciones
168,García Almaguer Hamlet,MORENA,Jalisco,1a.,Representación proporcional,17 de noviembre del 2023,En funciones
169,García Anaya Lidia,MORENA,Hidalgo,6,Mayoría relativa,17 de noviembre del 2023,En funciones
170,García De La Parra Enrique,PRI,Ciudad de México,16,Mayoría relativa,14 de noviembre del 2023,Licencia
171,García García Margarita,PT,Oaxaca,3,Mayoría relativa,15 de noviembre del 2023,En funciones
172,García Hernández Jesús Fernando,PT,Sinaloa,3,Mayoría relativa,13 de noviembre del 2023,En funciones
173,García Montiel Otoniel,MORENA,Hidalgo,5a.,Representación proporcional,30 de octubre del 2023,En funciones
174,García Moreno Maria Clemente,MORENA,Ciudad de México,4a.,Representación proporcional,17 de noviembre del 2023,En funciones
175,García Sandoval Zeus,MORENA,Oaxaca,3a.,Representación proporcional,01 de noviembre del 2023,En funciones
176,García Segura Marisol,MORENA,Ciudad de México,4a.,Representación proporcional,01 de noviembre del 2023,En funciones
177,García Velasco Anabey,PAN,Michoacán,5a.,Representación proporcional,15 de noviembre del 2023,En funciones
178,Garduño Garduño Marisela,PT,México,16,Mayoría relativa,15 de noviembre del 2023,En funciones
179,Garza Marín José Mauro,MC,Jalisco,8,Mayoría relativa,10 de noviembre del 2023,En funciones
180,Garza Ochoa José Luis,PRI,Nuevo León,12,Mayoría relativa,16 de noviembre del 2023,En funciones
181,Garza Treviño Pedro,PAN,Nuevo León,11,Mayoría relativa,15 de noviembre del 2023,En funciones
182,Girón Hernández Olimpia Tamara,MORENA,México,13,Mayoría relativa,23 de octubre del 2023,En funciones
183,Godínez del Rio Enrique,PAN,Michoacán,5,Mayoría relativa,15 de noviembre del 2023,En funciones
184,Godoy Rangel Leonel,MORENA,Michoacán,1,Mayoría relativa,03 de noviembre del 2023,En funciones
185,Gómez Betancourt Armando Antonio,PVEM,Veracruz,1,Mayoría relativa,07 de noviembre del 2023,En funciones
186,Gómez Cárdenas Annia Sarahí,PAN,Nuevo León,6,Mayoría relativa,15 de noviembre del 2023,En funciones
187,Gómez del Campo Gurza Mariana,PAN,Ciudad de México,4a.,Representación proporcional,15 de noviembre del 2023,En funciones
188,Gómez Villanueva Augusto,PRI,Ciudad de México,4a.,Representación proporcional,17 de noviembre del 2023,En funciones
189,González Aguirre Mariano,PRI,Durango,1a.,Representación proporcional,14 de noviembre del 2023,En funciones
190,González Alonso Carmen Rocío,PAN,Chihuahua,8,Mayoría relativa,15 de noviembre del 2023,En funciones
191,González Azcárraga Rosa María,PAN,Tamaulipas,8,Mayoría relativa,15 de noviembre del 2023,En funciones
192,González Cruz Karla Verónica,PAN,Veracruz,3a.,Representación proporcional,15 de noviembre del 2023,En funciones
193,González Cruz Luis Arturo,PVEM,Baja California,1a.,Representación proporcional,09 de noviembre del 2023,En funciones
194,González Cruz Alfredo Aurelio,MORENA,Oaxaca,3a.,Representación proporcional,31 de octubre del 2023,En funciones
195,González Lima Juan,PVEM,Tamaulipas,3,Mayoría relativa,07 de noviembre del 2023,En funciones
196,González Márquez Karen Michel,PAN,Guanajuato,7,Mayoría relativa,15 de noviembre del 2023,En funciones
197,González Urrutia Wendy,PAN,Ciudad de México,3,Mayoría relativa,15 de noviembre del 2023,En funciones
198,González Zepeda Javier,PAN,México,40,Mayoría relativa,15 de noviembre del 2023,En funciones
199,González Zirión Xavier,PRI,Ciudad de México,16,Mayoría relativa,14 de noviembre del 2023,En funciones
200,Guajardo Villarreal Ildefonso,PRI,Nuevo León,2a.,Representación proporcional,16 de noviembre del 2023,En funciones
201,Gudiño Magaña Omar Francisco,PAN,Michoacán,10,Mayoría relativa,15 de noviembre del 2023,Licencia
202,Guerra Castillo Marcela,PRI,Nuevo León,5,Mayoría relativa,13 de noviembre del 2023,En funciones
203,Guerrero Esquivel Fuensanta Guadalupe,PRI,Zacatecas,2a.,Representación proporcional,14 de noviembre del 2023,En funciones
204,Guerrero Márquez Antolín,MORENA,San Luis Potosí,4,Mayoría relativa,07 de noviembre del 2023,En funciones
205,Gutiérrez Camacho Oscar Eugenio,MORENA,Ciudad de México,13,Mayoría relativa,01 de noviembre del 2023,En funciones
206,Gutiérrez Gutiérrez Daniel,MORENA,Oaxaca,10,Mayoría relativa,30 de octubre del 2023,En funciones
207,Gutiérrez Jardón José Antonio,PRI,Coahuila,5,Mayoría relativa,09 de noviembre del 2023,En funciones
208,Gutiérrez Luna Sergio Carlos,MORENA,México,5a.,Representación proporcional,16 de noviembre del 2023,En funciones
209,Gutiérrez Valdez María de los Angeles,PAN,Chihuahua,9,Mayoría relativa,15 de noviembre del 2023,En funciones
210,Gutiérrez Valtierra Diana Estefania,PAN,Guanajuato,2a.,Representación proporcional,15 de noviembre del 2023,En funciones
211,Haro Ramírez Laura Lorena,PRI,Jalisco,1a.,Representación proporcional,14 de noviembre del 2023,En funciones
212,Hernández Deras Ismael Alfredo,PRI,Durango,1a.,Representación proporcional,14 de noviembre del 2023,En funciones
213,Hernández Espejo Rosa,MORENA,Veracruz,4,Mayoría relativa,26 de octubre del 2023,En funciones
214,Hernández Hernández Saúl,MORENA,San Luis Potosí,2a.,Representación proporcional,31 de octubre del 2023,En funciones
215,Hernández Pérez María Eugenia,MORENA,México,11,Mayoría relativa,03 de noviembre del 2023,En funciones
216,Hernández Pérez César Agustín,MORENA,México,30,Mayoría relativa,17 de noviembre del 2023,En funciones
217,Hernández Pérez Johana Montcerrat,PRI,Hidalgo,5a.,Representación proporcional,14 de noviembre del 2023,En funciones
218,Hernández Ruedas Bennelly Jocabeth,MORENA,Zacatecas,1,Mayoría relativa,19 de octubre del 2023,En funciones
219,Hernández Sáenz Claudia Alejandra,MORENA,Tamaulipas,9,Mayoría relativa,30 de octubre del 2023,En funciones
220,Hernández Villafuerte Gilberto,PVEM,San Luis Potosí,6,Mayoría relativa,07 de noviembre del 2023,En funciones
221,Hernández Villalpando Rafael,MORENA,Veracruz,10,Mayoría relativa,15 de noviembre del 2023,En funciones
222,Hernández Villanueva Rocío,MORENA,Veracruz,3,Mayoría relativa,31 de octubre del 2023,En funciones
223,Hernández Zetina Hiram,PRI,Chihuahua,1a.,Representación proporcional,17 de noviembre del 2023,En funciones
224,Herrera Anzaldo Ana Lilia,PRI,México,27,Mayoría relativa,16 de noviembre del 2023,En funciones
225,Herrera Vega Manuel Jesús,MC,Jalisco,6,Mayoría relativa,16 de noviembre del 2023,En funciones
226,Herrera Villavicencio Mónica,MORENA,Veracruz,7,Mayoría relativa,06 de noviembre del 2023,En funciones
227,Huacus Esquivel Francisco Javier,PRD,Michoacán,12,Mayoría relativa,15 de noviembre del 2023,En funciones
228,Huerta Jurado Javier,MORENA,México,37,Mayoría relativa,16 de noviembre del 2023,En funciones
229,Huerta Ling Guillermo Octavio,PAN,Ciudad de México,4a.,Representación proporcional,15 de noviembre del 2023,En funciones
230,Huerta Valdovinos Ana Laura,PVEM,Tamaulipas,1,Mayoría relativa,07 de noviembre del 2023,En funciones
231,Huerta Villegas Genoveva,PAN,Puebla,4a.,Representación proporcional,15 de noviembre del 2023,En funciones
232,Inzunza Armas Jorge Ernesto,PAN,México,5a.,Representación proporcional,15 de noviembre del 2023,En funciones
233,Iriarte Mercado Carlos,PRI,México,5a.,Representación proporcional,15 de noviembre del 2023,En funciones
234,Jaimes Albarrán Jazmín,PRI,México,36,Mayoría relativa,14 de noviembre del 2023,En funciones
235,Jarero Velázquez Miguel Pavel,MORENA,Nayarit,1,Mayoría relativa,17 de noviembre del 2023,Licencia
236,Jiménez Angulo Julia Licet,PAN,Colima,5a.,Representación proporcional,15 de noviembre del 2023,En funciones
237,Jiménez Aquino Lázaro Cuauhtémoc,PRI,Puebla,4a.,Representación proporcional,14 de noviembre del 2023,En funciones
238,Jiménez Ramírez Yolis,MORENA,Hidalgo,3,Mayoría relativa,30 de octubre del 2023,En funciones
239,Juan Carlos Irma,MORENA,Oaxaca,2,Mayoría relativa,01 de noviembre del 2023,En funciones
240,Juárez Navarrete Berenice,PAN,Michoacán,6,Mayoría relativa,15 de noviembre del 2023,En funciones
241,Lara Carreón Diana María Teresa,PAN,Ciudad de México,6,Mayoría relativa,15 de noviembre del 2023,En funciones
242,Limón García María Elena,MC,Jalisco,1a.,Representación proporcional,03 de noviembre del 2023,En funciones
243,Lixa Abimerhi José Elías,PAN,Yucatán,3a.,Representación proporcional,15 de noviembre del 2023,En funciones
244,Llaven Abarca Jorge Luis,PVEM,Chiapas,6,Mayoría relativa,07 de noviembre del 2023,En funciones
245,Llergo Latournerie Mario Rafael,MORENA,Tabasco,6,Mayoría relativa,09 de noviembre del 2023,En funciones
246,López Casarín Javier Joaquín,PVEM,Ciudad de México,4a.,Representación proporcional,07 de noviembre del 2023,En funciones
247,López Castro Cynthia Iliana,PRI,Ciudad de México,4a.,Representación proporcional,10 de noviembre del 2023,En funciones
248,López García Roberto Carlos,PRI,Michoacán,8,Mayoría relativa,14 de noviembre del 2023,En funciones
249,López Guadarrama Carlos,MORENA,México,25,Mayoría relativa,06 de noviembre del 2023,En funciones
250,López Ochoa Mijares Braulio,MC,Veracruz,3a.,Representación proporcional,17 de noviembre del 2023,En funciones
251,López Sosa Mariela,PAN,Tamaulipas,2a.,Representación proporcional,15 de noviembre del 2023,En funciones
252,Loyola Vera Ignacio,PAN,Querétaro,3,Mayoría relativa,15 de noviembre del 2023,En funciones
253,Luévano Luna Salma,MORENA,Aguascalientes,2a.,Representación proporcional,17 de noviembre del 2023,En funciones
254,Luna Ayala Noemi Berenice,PAN,Zacatecas,2a.,Representación proporcional,15 de noviembre del 2023,En funciones
255,Maceda Carrera Nelly,PT,Puebla,14,Mayoría relativa,14 de noviembre del 2023,En funciones
256,Macías Olvera Felipe Fernando,PAN,Querétaro,4,Mayoría relativa,15 de noviembre del 2023,En funciones
257,Macías Zambrano Gustavo,PAN,Jalisco,1,Mayoría relativa,15 de noviembre del 2023,En funciones
258,Madrazo Limón Carlos,PAN,México,15,Mayoría relativa,15 de noviembre del 2023,En funciones
259,Mancillas Cabrera Mariana,PAN,Nuevo León,2a.,Representación proporcional,15 de noviembre del 2023,En funciones
260,Mandujano Tinajero Esther,PAN,Guanajuato,14,Mayoría relativa,15 de noviembre del 2023,En funciones
261,Manzo Rodríguez Carlos Alberto,MORENA,Michoacán,9,Mayoría relativa,10 de noviembre del 2023,En funciones
262,Mares Cossío Héctor Ireneo,MORENA,Baja California,6,Mayoría relativa,01 de noviembre del 2023,En funciones
263,Marín Díaz Fernando,MORENA,Ciudad de México,4a.,Representación proporcional,16 de noviembre del 2023,En funciones
264,Marín Rodríguez Héctor Jesús,MORENA,Tamaulipas,7,Mayoría relativa,15 de noviembre del 2023,Licencia
265,Márquez Alkadef Cortes Cecilia,MORENA,Jalisco,1a.,Representación proporcional,06 de noviembre del 2023,En funciones
266,Martínez Bravo Luis Alberto,PVEM,México,5a.,Representación proporcional,07 de noviembre del 2023,En funciones
267,Martínez Cosío Elvia Yolanda,MC,Jalisco,1a.,Representación proporcional,13 de noviembre del 2023,En funciones
268,Martínez Díaz Esther Berenice,MORENA,Nuevo León,2a.,Representación proporcional,19 de octubre del 2023,En funciones
269,Martínez Espinoza Gabriela,MORENA,Sonora,6,Mayoría relativa,26 de octubre del 2023,En funciones
270,Martínez López Paulo Gonzalo,PAN,Aguascalientes,3,Mayoría relativa,15 de noviembre del 2023,En funciones
271,Martínez Romano Esther,PT,Puebla,3,Mayoría relativa,14 de noviembre del 2023,En funciones
272,Martínez Ruiz Maribel,PT,Oaxaca,3a.,Representación proporcional,15 de noviembre del 2023,En funciones
273,Martínez Ventura Luis Enrique,PT,México,32,Mayoría relativa,14 de noviembre del 2023,En funciones
274,Mata Atilano Noel,PAN,Aguascalientes,1,Mayoría relativa,15 de noviembre del 2023,En funciones
275,Mata Carrasco Mario,PAN,Chihuahua,5,Mayoría relativa,19 de noviembre del 2023,Licencia
276,Mata Lozano Lizbeth,PAN,Baja California,1a.,Representación proporcional,15 de noviembre del 2023,En funciones
277,Maturino Manzanera Juan Carlos,PAN,Durango,1a.,Representación proporcional,15 de noviembre del 2023,En funciones
278,Maya Martínez Hirepan,MORENA,Michoacán,5a.,Representación proporcional,17 de noviembre del 2023,En funciones
279,Medina Filigrana Marcos Rosendo,MORENA,Tabasco,1,Mayoría relativa,06 de noviembre del 2023,Licencia
280,Medina Ramírez Tereso,PRI,Coahuila,2a.,Representación proporcional,08 de noviembre del 2023,En funciones
281,Mejía Ibáñez Julieta,MC,Nayarit,1a.,Representación proporcional,15 de noviembre del 2023,En funciones
282,Mejía Soto Jim,MORENA,Hidalgo,5a.,Representación proporcional,01 de noviembre del 2023,Licencia
283,Melgar Bravo Luis Armando,PVEM,Chiapas,13,Mayoría relativa,07 de noviembre del 2023,En funciones
284,Mendoza Acevedo Luis Alberto,PAN,Ciudad de México,15,Mayoría relativa,15 de noviembre del 2023,En funciones
285,Mendoza Álvarez Mayra Alicia,MORENA,Chiapas,3a.,Representación proporcional,07 de noviembre del 2023,En funciones
286,Mendoza Bustamante Marco Antonio,PRI,Hidalgo,5a.,Representación proporcional,14 de noviembre del 2023,En funciones
287,Mendoza Díaz Sonia,PVEM,San Luis Potosí,2a.,Representación proporcional,07 de noviembre del 2023,En funciones
288,Monraz Ibarra Miguel Ángel,PAN,Jalisco,1a.,Representación proporcional,15 de noviembre del 2023,En funciones
289,Montemayor Castillo Santy,PVEM,Quintana Roo,3a.,Representación proporcional,07 de noviembre del 2023,En funciones
290,Montes Estrada Berenice,PAN,Guanajuato,1,Mayoría relativa,15 de noviembre del 2023,En funciones
291,Monzón García Eunice,PVEM,Guerrero,8,Mayoría relativa,07 de noviembre del 2023,En funciones
292,Morales Flores Jesús Fernando,PAN,Sonora,1a.,Representación proporcional,19 de noviembre del 2023,Licencia
293,Morales Romero Martha Rosa,MORENA,Veracruz,16,Mayoría relativa,26 de octubre del 2023,En funciones
294,Moreira Valdez Rubén Ignacio,PRI,Coahuila,2a.,Representación proporcional,10 de noviembre del 2023,En funciones
295,Moreno Cárdenas Rafael Alejandro,PRI,Ciudad de México,4a.,Representación proporcional,16 de noviembre del 2023,En funciones
296,Moreno Guerra Evangelina,MORENA,Baja California,5,Mayoría relativa,23 de octubre del 2023,En funciones
297,Moreno Hernández Brígido Ramiro,PT,Coahuila,1,Mayoría relativa,15 de noviembre del 2023,En funciones
298,Moreno Rivera Julio Cesar,MORENA,Ciudad de México,4a.,Representación proporcional,08 de noviembre del 2023,En funciones
299,Muñoz Álvarez Rubén Gregorio,MORENA,Baja California Sur,1a.,Representación proporcional,19 de noviembre del 2023,En funciones
300,Murat Hinojosa Eduardo Enrique,PRI,Morelos,4a.,Representación proporcional,16 de noviembre del 2023,En funciones
301,Murguía Lardizábal Daniel,MORENA,Chihuahua,1,Mayoría relativa,18 de octubre del 2023,En funciones
302,Murillo Manríquez Sonia,PAN,Baja California Sur,1a.,Representación proporcional,15 de noviembre del 2023,En funciones
303,Narro Panameño Blanca Araceli,MORENA,Tamaulipas,2a.,Representación proporcional,25 de octubre del 2023,En funciones
304,Nassar Piñeyro Mariana Erandi,PRI,Oaxaca,3a.,Representación proporcional,09 de noviembre del 2023,En funciones
305,Natale Gutiérrez Marco Antonio,PVEM,Puebla,1,Mayoría relativa,07 de noviembre del 2023,En funciones
306,Natale López Juan Carlos,PVEM,Veracruz,3a.,Representación proporcional,30 de octubre del 2023,En funciones
307,Navarrete Navarro Consuelo del Carmen,PVEM,Yucatán,5,Mayoría relativa,07 de noviembre del 2023,En funciones
308,Navarrete Rivera Alma Delia,MORENA,México,10,Mayoría relativa,31 de octubre del 2023,En funciones
309,Navarro Conkle Sandra Luz,MORENA,Sonora,1a.,Representación proporcional,17 de noviembre del 2023,En funciones
310,Noriega Romero Carlos,MORENA,Coahuila,2a.,Representación proporcional,31 de octubre del 2023,En funciones
311,Núñez Cerón Sarai,PAN,Guanajuato,12,Mayoría relativa,15 de noviembre del 2023,En funciones
312,Núñez Meneses Ali Sayuri,PAN,México,6,Mayoría relativa,15 de noviembre del 2023,En funciones
313,Núñez Monreal Magdalena del Socorro,PT,Ciudad de México,4a.,Representación proporcional,15 de noviembre del 2023,En funciones
314,Ocampo Manzanares Araceli,MORENA,Guerrero,2,Mayoría relativa,01 de noviembre del 2023,En funciones
315,Ochoa Mejía Ma Teresa Rosaura,MC,México,5a.,Representación proporcional,14 de noviembre del 2023,En funciones
316,Olua González Yessenia Leticia,MORENA,Baja California,1,Mayoría relativa,18 de octubre del 2023,En funciones
317,Olvera Coronel Lilia Caritina,PAN,Tlaxcala,4a.,Representación proporcional,15 de noviembre del 2023,En funciones
318,Olvera Higuera Claudia Gabriela,PAN,México,24,Mayoría relativa,15 de noviembre del 2023,En funciones
319,Onofre Vázquez Vicente Alberto,PRI,México,33,Mayoría relativa,14 de noviembre del 2023,En funciones
320,Oranday Aguirre Nora Elva,PAN,Coahuila,2a.,Representación proporcional,15 de noviembre del 2023,En funciones
321,Ortega Fonseca Pedro David,MORENA,Guanajuato,10,Mayoría relativa,25 de octubre del 2023,En funciones
322,Ortiz Rodríguez Jorge Armando,PT,Nayarit,3,Mayoría relativa,16 de noviembre del 2023,En funciones
323,Ortiz Tejeda Carlos Francisco,MORENA,Ciudad de México,4a.,Representación proporcional,17 de noviembre del 2023,En funciones
324,Páez Güereca María De Jesús,PT,Durango,1a.,Representación proporcional,15 de noviembre del 2023,En funciones
325,Palacios Diaz Luis Edgardo,PVEM,Guerrero,3,Mayoría relativa,07 de noviembre del 2023,En funciones
326,Pani Barragán Alejandra,MORENA,Morelos,2,Mayoría relativa,18 de noviembre del 2023,En funciones
327,Parra Juárez Inés,MORENA,Puebla,4,Mayoría relativa,09 de noviembre del 2023,En funciones
328,Patrón Laviada Cecilia Anunciación,PAN,Yucatán,4,Mayoría relativa,15 de noviembre del 2023,Licencia
329,Peña Escalante Rosangela Amairany,MORENA,Sonora,3,Mayoría relativa,09 de noviembre del 2023,En funciones
330,Peña Flores Gerardo,PAN,Tamaulipas,2a.,Representación proporcional,15 de noviembre del 2023,En funciones
331,Peña Martínez Angélica,PVEM,Veracruz,13,Mayoría relativa,07 de noviembre del 2023,En funciones
332,Peñaloza Pérez Pedro Sergio,MORENA,Guerrero,4a.,Representación proporcional,25 de octubre del 2023,En funciones
333,Peraza Ramírez Mario Xavier,PVEM,Yucatán,2,Mayoría relativa,07 de noviembre del 2023,En funciones
334,Pérez Barcenas Lidia,MORENA,Ciudad de México,11,Mayoría relativa,01 de noviembre del 2023,En funciones
335,Pérez Bernabe Jaime Humberto,MORENA,Veracruz,6,Mayoría relativa,08 de noviembre del 2023,En funciones
336,Pérez Díaz Victor Manuel,PAN,Nuevo León,2a.,Representación proporcional,15 de noviembre del 2023,En funciones
337,Pérez Garibay Marco Antonio,MORENA,Jalisco,1a.,Representación proporcional,15 de noviembre del 2023,En funciones
338,Pérez Gutiérrez Blanca Carolina,MORENA,Chiapas,3a.,Representación proporcional,06 de noviembre del 2023,En funciones
339,Pérez López Beatriz Dominga,MORENA,Oaxaca,6,Mayoría relativa,31 de octubre del 2023,En funciones
340,Pérez Navarrete Miguel Ángel,MORENA,Hidalgo,7,Mayoría relativa,25 de octubre del 2023,En funciones
341,Pérez Segura Laura Imelda,MORENA,Jalisco,16,Mayoría relativa,06 de noviembre del 2023,En funciones
342,Pérez Valdez Elizabeth,PRD,Ciudad de México,4a.,Representación proporcional,15 de noviembre del 2023,En funciones
343,Pérez-Jaén Zermeño María Elena,PAN,Aguascalientes,2a.,Representación proporcional,15 de noviembre del 2023,En funciones
344,Pinete Vargas María del Carmen,PVEM,Veracruz,2,Mayoría relativa,07 de noviembre del 2023,En funciones
345,Piñón Rivera Lorena,PRI,Veracruz,3a.,Representación proporcional,09 de noviembre del 2023,En funciones
346,Porras Domínguez Alfredo,MORENA,Baja California Sur,2,Mayoría relativa,17 de noviembre del 2023,En funciones
347,Prado de los Santos Miguel,MORENA,México,5a.,Representación proporcional,17 de noviembre del 2023,En funciones
348,Prieto Gómez Mauricio,PRD,Michoacán,2,Mayoría relativa,15 de noviembre del 2023,En funciones
349,Prieto Terrazas Susana,MORENA,Chihuahua,1a.,Representación proporcional,16 de noviembre del 2023,En funciones
350,Puente Salas Carlos Alberto,PVEM,Zacatecas,2a.,Representación proporcional,07 de noviembre del 2023,En funciones
351,Quadri de La Torre Gabriel Ricardo,PAN,Ciudad de México,23,Mayoría relativa,15 de noviembre del 2023,En funciones
352,Quijano Tapia Janine Patricia,PVEM,Yucatán,3a.,Representación proporcional,07 de noviembre del 2023,En funciones
353,Quintana Martínez Carlos Humberto,PAN,Michoacán,10,Mayoría relativa,15 de noviembre del 2023,En funciones
354,Rabelo Estrada Karla María,MORENA,Tabasco,2,Mayoría relativa,09 de noviembre del 2023,En funciones
355,Rafael Dircio Fabiola,PRD,Guerrero,6,Mayoría relativa,15 de noviembre del 2023,En funciones
356,Ramírez Barba Éctor Jaime,PAN,Guanajuato,5,Mayoría relativa,15 de noviembre del 2023,En funciones
357,Ramírez Padilla Julieta Andrea,MORENA,Baja California,2,Mayoría relativa,17 de noviembre del 2023,En funciones
358,Ramiro Alejo Brenda,MORENA,Ciudad de México,4a.,Representación proporcional,08 de noviembre del 2023,En funciones
359,Ramos Juárez Adela,PAN,Chiapas,2,Mayoría relativa,15 de noviembre del 2023,En funciones
360,Reina Iglesias Fernando,PRI,Guerrero,4a.,Representación proporcional,17 de noviembre del 2023,Licencia
361,Reyes Carmona Emmanuel,MORENA,Guanajuato,13,Mayoría relativa,16 de noviembre del 2023,En funciones
362,Reyes Ledesma Armando,PT,Baja California,3,Mayoría relativa,14 de noviembre del 2023,En funciones
363,Reyes López Valentín,MORENA,Veracruz,17,Mayoría relativa,08 de noviembre del 2023,En funciones
364,Reyes Silva María del Rosario,MORENA,Guerrero,4a.,Representación proporcional,06 de noviembre del 2023,En funciones
365,Reza Gallegos Rocío Esmeralda,PAN,Chihuahua,1a.,Representación proporcional,15 de noviembre del 2023,En funciones
366,Riestra Piña Mario Gerardo,PAN,Puebla,12,Mayoría relativa,15 de noviembre del 2023,En funciones
367,Rincon Chanona Sonia,MORENA,Chiapas,3a.,Representación proporcional,30 de octubre del 2023,En funciones
368,Ritter Ocampo Klaus Uwe,MORENA,Morelos,4a.,Representación proporcional,17 de noviembre del 2023,En funciones
369,Rivera Gutiérrez Riult,PAN,Colima,1,Mayoría relativa,15 de noviembre del 2023,En funciones
370,Robledo Ruiz Juan Ramiro,MORENA,San Luis Potosí,2a.,Representación proporcional,31 de octubre del 2023,En funciones
371,Robles Gómez Manuel Alejandro,MORENA,Ciudad de México,4a.,Representación proporcional,25 de octubre del 2023,En funciones
372,Robles Montenegro Agustin,PAN,Guanajuato,2a.,Representación proporcional,17 de noviembre del 2023,Licencia
373,Robles Montoya Ángel Benjamín,PT,Oaxaca,8,Mayoría relativa,15 de noviembre del 2023,En funciones
374,Robles Ortíz Martha,MORENA,México,29,Mayoría relativa,31 de octubre del 2023,En funciones
375,Rocha Acosta Sonia,PAN,Querétaro,1,Mayoría relativa,15 de noviembre del 2023,En funciones
376,Rodarte De Lara Miguel Humberto,PAN,Ciudad de México,4a.,Representación proporcional,15 de noviembre del 2023,En funciones
377,Rodríguez Carrillo Mario Alberto,MC,Jalisco,1a.,Representación proporcional,09 de noviembre del 2023,En funciones
378,Rodríguez Gómez Alan Eduardo,PRD,.,4a.,Representación proporcional,15 de noviembre del 2023,En funciones
379,Rodríguez González Taygete Irisay,MC,Jalisco,4,Mayoría relativa,14 de noviembre del 2023,En funciones
380,Rodríguez González Manuel,MORENA,Tabasco,4,Mayoría relativa,06 de noviembre del 2023,En funciones
381,Rodríguez Muñoz Reynel,PRI,Guerrero,1,Mayoría relativa,10 de noviembre del 2023,En funciones
382,Rodríguez Rivera Iván Arturo,PAN,México,22,Mayoría relativa,15 de noviembre del 2023,En funciones
383,Rodríguez Sarabia Leslie Estefania,PRD,Baja California,1a.,Representación proporcional,15 de noviembre del 2023,En funciones
384,Rodríguez Torres Ángel Miguel,MORENA,México,5a.,Representación proporcional,25 de octubre del 2023,En funciones
385,Rodríguez Vallejo Alma Cristina,PAN,Guanajuato,6,Mayoría relativa,15 de noviembre del 2023,En funciones
386,Rojo Pimentel Ana Karina,PT,Ciudad de México,20,Mayoría relativa,14 de noviembre del 2023,En funciones
387,Román Ávila María Guadalupe,MORENA,México,17,Mayoría relativa,08 de noviembre del 2023,En funciones
388,Romero Herrera Jorge,PAN,Ciudad de México,4a.,Representación proporcional,15 de noviembre del 2023,En funciones
389,Romero Hicks Juan Carlos,PAN,Guanajuato,4,Mayoría relativa,15 de noviembre del 2023,En funciones
390,Romero Velázquez Krishna Karina,PAN,México,19,Mayoría relativa,15 de noviembre del 2023,En funciones
391,Romo Cuéllar Martha Estela,PAN,Jalisco,2,Mayoría relativa,15 de noviembre del 2023,En funciones
392,Rosete Sánchez María De Jesús,PT,Ciudad de México,8,Mayoría relativa,15 de noviembre del 2023,En funciones
393,Rubio Fernández Paulina,PAN,Jalisco,1a.,Representación proporcional,15 de noviembre del 2023,En funciones
394,Rubio Montejo Roberto Antonio,PVEM,Chiapas,11,Mayoría relativa,07 de noviembre del 2023,En funciones
395,Ruiz Sandoval Cristina,PRI,México,5a.,Representación proporcional,14 de noviembre del 2023,En funciones
396,Salazar López Noemi,MORENA,México,5a.,Representación proporcional,31 de octubre del 2023,En funciones
397,Salgado Almaguer Pedro,PAN,Nuevo León,4,Mayoría relativa,15 de noviembre del 2023,En funciones
398,Salomón Durán Ciria Yamile,PVEM,Hidalgo,2,Mayoría relativa,07 de noviembre del 2023,En funciones
399,Sámano Peralta Miguel,PRI,México,1,Mayoría relativa,14 de noviembre del 2023,En funciones
400,Sánchez Barrios Carlos,MORENA,Guerrero,7,Mayoría relativa,07 de noviembre del 2023,En funciones
401,Sánchez Escobedo Maria José,PRI,Jalisco,1a.,Representación proporcional,14 de noviembre del 2023,En funciones
402,Sánchez Ortiz Graciela,MORENA,México,21,Mayoría relativa,16 de noviembre del 2023,En funciones
403,Sánchez Ramos Paloma,PRI,Sinaloa,1a.,Representación proporcional,10 de noviembre del 2023,En funciones
404,Sánchez Sánchez Christian Joaquín,PVEM,San Luis Potosí,7,Mayoría relativa,07 de noviembre del 2023,En funciones
405,Sánchez Velázquez Ana Laura,PAN,Jalisco,15,Mayoría relativa,15 de noviembre del 2023,En funciones
406,Sánchez Zepeda Rodrigo,PAN,Michoacán,4,Mayoría relativa,15 de noviembre del 2023,En funciones
407,Sandoval Ballesteros Pablo Amílcar,MORENA,Guerrero,4,Mayoría relativa,16 de noviembre del 2023,En funciones
408,Sandoval Flores Reginaldo,PT,Michoacán,5a.,Representación proporcional,15 de noviembre del 2023,En funciones
409,Sandoval Soto Martin,MORENA,Hidalgo,5a.,Representación proporcional,26 de octubre del 2023,En funciones
410,Santiago Barrientos Valeria,PVEM,Chiapas,3a.,Representación proporcional,07 de noviembre del 2023,En funciones
411,Santiago Chepi Azael,MORENA,Oaxaca,4,Mayoría relativa,17 de noviembre del 2023,En funciones
412,Santiago Marcos Nancy Yadira,MORENA,Sinaloa,5,Mayoría relativa,14 de noviembre del 2023,En funciones
413,Segura Trejo Elena Edith,MORENA,Ciudad de México,4a.,Representación proporcional,03 de noviembre del 2023,Licencia
414,Serrano Maldonado Ma Elena,PRI,Michoacán,5a.,Representación proporcional,14 de noviembre del 2023,En funciones
415,Serrato Castell Luis Gerardo,PAN,Sonora,1a.,Representación proporcional,15 de noviembre del 2023,En funciones
416,Sibaja Mendoza Jorge Ángel,MORENA,Chiapas,3a.,Representación proporcional,01 de noviembre del 2023,En funciones
417,Sierra Damián María,MORENA,Campeche,2,Mayoría relativa,31 de octubre del 2023,En funciones
418,Silva Hernández Dulce Maria,MORENA,Tlaxcala,4a.,Representación proporcional,15 de noviembre del 2023,En funciones
419,Sodi Gabriela,PRD,Ciudad de México,12,Mayoría relativa,15 de noviembre del 2023,En funciones
420,Solórzano Gallego Marcia,PAN,Querétaro,2,Mayoría relativa,15 de noviembre del 2023,En funciones
421,Tánori Córdova Judith Celina,MORENA,Sonora,5,Mayoría relativa,03 de noviembre del 2023,En funciones
422,Tejeda Cid Armando,PAN,Michoacán,5a.,Representación proporcional,15 de noviembre del 2023,En funciones
423,Téllez Hernández Héctor Saúl,PAN,Ciudad de México,24,Mayoría relativa,15 de noviembre del 2023,En funciones
424,Tello Espinosa Claudia,MORENA,Veracruz,8,Mayoría relativa,18 de noviembre del 2023,Licencia
425,Tenorio Adame Paola,MORENA,Veracruz,19,Mayoría relativa,30 de octubre del 2023,En funciones
426,Terrazas Baca Patricia,PAN,Chihuahua,7,Mayoría relativa,15 de noviembre del 2023,En funciones
427,Tinajero Robles Desiderio,PAN,Jalisco,3,Mayoría relativa,15 de noviembre del 2023,En funciones
428,Torreblanca Engell Santiago,PAN,Ciudad de México,4a.,Representación proporcional,15 de noviembre del 2023,En funciones
429,Torres Ajuria Herminio,MORENA,Guanajuato,8,Mayoría relativa,26 de octubre del 2023,En funciones
430,Torres Escudero Mario Alberto,MORENA,Veracruz,3a.,Representación proporcional,26 de octubre del 2023,En funciones
431,Torres Graciano Fernando,PAN,Guanajuato,3,Mayoría relativa,15 de noviembre del 2023,En funciones
432,Torres Navarro Juan Guadalupe,MORENA,Sinaloa,1a.,Representación proporcional,01 de noviembre del 2023,En funciones
433,Torres Rosales Miguel Ángel,PRD,Zacatecas,2a.,Representación proporcional,15 de noviembre del 2023,En funciones
434,Torruco Garza Miguel,MORENA,Ciudad de México,4a.,Representación proporcional,17 de noviembre del 2023,En funciones
435,Tovar Vargas José Salvador,PAN,Guanajuato,9,Mayoría relativa,15 de noviembre del 2023,En funciones
436,Triana Tena Jorge,PAN,Ciudad de México,17,Mayoría relativa,15 de noviembre del 2023,En funciones
437,Valencia Medina Alma Griselda,MORENA,Michoacán,5a.,Representación proporcional,26 de octubre del 2023,En funciones
438,Valenzuela Corral Roberto,PAN,Aguascalientes,2a.,Representación proporcional,15 de noviembre del 2023,En funciones
439,Valenzuela González Carlos Alberto,PAN,Veracruz,3a.,Representación proporcional,15 de noviembre del 2023,En funciones
440,Valenzuela Sánchez Ana Laura,PAN,Ciudad de México,4a.,Representación proporcional,15 de noviembre del 2023,En funciones
441,Valle Hernández Rebeca,MORENA,Baja California,5,Mayoría relativa,19 de noviembre del 2023,Licencia
442,Varela López Víctor Gabriel,MORENA,Ciudad de México,22,Mayoría relativa,07 de noviembre del 2023,En funciones
443,Varela Pinedo Miguel Ángel,PAN,Zacatecas,2,Mayoría relativa,15 de noviembre del 2023,En funciones
444,Vargas Camacho Melissa Estefanía,PRI,México,26,Mayoría relativa,10 de noviembre del 2023,En funciones
445,Vargas Meraz Teresita de Jesús,MORENA,Chihuahua,2,Mayoría relativa,31 de octubre del 2023,En funciones
446,Vargas Rodríguez Sayonara,PRI,Hidalgo,1,Mayoría relativa,14 de noviembre del 2023,En funciones
447,Vázquez Álvarez Brianda Aurora,MORENA,Sonora,1a.,Representación proporcional,06 de noviembre del 2023,En funciones
448,Vázquez Arellano Manuel,MORENA,Veracruz,3a.,Representación proporcional,17 de noviembre del 2023,En funciones
449,Vázquez García Dionicia,PT,México,2,Mayoría relativa,14 de noviembre del 2023,En funciones
450,Vázquez González Pedro,PT,Ciudad de México,4a.,Representación proporcional,15 de noviembre del 2023,En funciones
451,Vázquez Romero Shirley Guadalupe,PT,Sonora,7,Mayoría relativa,14 de noviembre del 2023,En funciones
452,Vázquez Vázquez Alfredo,MORENA,Chiapas,3,Mayoría relativa,16 de noviembre del 2023,En funciones
453,Velazquez Flores Jesús Alberto,PRD,Veracruz,3a.,Representación proporcional,15 de noviembre del 2023,En funciones
454,Vences Valencia Julieta Kristal,MORENA,Puebla,4a.,Representación proporcional,10 de noviembre del 2023,En funciones
455,Verástegui Ostos Vicente Javier,PAN,Tamaulipas,6,Mayoría relativa,15 de noviembre del 2023,En funciones
456,Vidal Benavides Faustino,MORENA,Veracruz,3a.,Representación proporcional,31 de octubre del 2023,En funciones
457,Viggiano Austria Alma Carolina,PRI,Hidalgo,5a.,Representación proporcional,17 de noviembre del 2023,En funciones
458,Vigil Hernández Elva Agustina,MORENA,Tamaulipas,4,Mayoría relativa,19 de octubre del 2023,En funciones
459,Villa Villegas Alberto,MORENA,Jalisco,7,Mayoría relativa,08 de noviembre del 2023,En funciones
460,Villarreal García Ricardo,PAN,Guanajuato,2,Mayoría relativa,15 de noviembre del 2023,En funciones
461,Villaseñor Dávila Maribel Guadalupe,PRI,Ciudad de México,2,Mayoría relativa,14 de noviembre del 2023,En funciones
462,Villegas Guarneros Dulce María Corina,MORENA,Veracruz,15,Mayoría relativa,14 de noviembre del 2023,En funciones
463,Villegas Sánchez Merary,MORENA,Sinaloa,7,Mayoría relativa,19 de noviembre del 2023,Licencia
464,Wences Real Victoriano,PT,Guerrero,5,Mayoría relativa,15 de noviembre del 2023,En funciones
465,Zamora Valdez Casimiro,MORENA,Sinaloa,4,Mayoría relativa,31 de octubre del 2023,En funciones
466,Zapata Meraz José Antonio,PAN,San Luis Potosí,5,Mayoría relativa,15 de noviembre del 2023,En funciones
467,Zarzosa Sánchez Eduardo,PRI,México,9,Mayoría relativa,14 de noviembre del 2023,En funciones
468,Zavala Gómez del Campo Margarita Ester,PAN,Ciudad de México,10,Mayoría relativa,15 de noviembre del 2023,En funciones
469,Zebadúa Alva Joaquín,MORENA,Chiapas,4,Mayoría relativa,14 de noviembre del 2023,En funciones
470,Zepeda Martínez Leticia,PAN,México,5a.,Representación proporcional,15 de noviembre del 2023,En funciones
471,Zúñiga Cuevas María del Carmen,MORENA,Colima,2,Mayoría relativa,19 de noviembre del 2023,En funciones
